[
  {
    "model": "hr.contact",
    "pk": 1,
    "fields": {
      "phone": "+1-645-998-4207",
      "address": "289 Castillo Circle\nTyroneville, FL 73290"
    }
  },
  {
    "model": "hr.contact",
    "pk": 2,
    "fields": {
      "phone": "+1-395-815-1480x076",
      "address": "37476 Michael Club\nMonicashire, KS 80488"
    }
  },
  {
    "model": "hr.contact",
    "pk": 3,
    "fields": {
      "phone": "019.088.3807",
      "address": "PSC 1703, Box 7386\nAPO AA 22491"
    }
  },
  {
    "model": "hr.contact",
    "pk": 4,
    "fields": {
      "phone": "+1-570-780-2823x5041",
      "address": "83392 Thomas Meadows\nPort Rebeccafurt, LA 09018"
    }
  },
  {
    "model": "hr.contact",
    "pk": 5,
    "fields": {
      "phone": "8705158111",
      "address": "87141 Flynn Inlet\nPort Lauren, CA 41282"
    }
  },
  {
    "model": "hr.contact",
    "pk": 6,
    "fields": {
      "phone": "+1-562-709-7774",
      "address": "32419 Miller Square Apt. 444\nOliverville, OK 55300"
    }
  },
  {
    "model": "hr.contact",
    "pk": 7,
    "fields": {
      "phone": "9431515923",
      "address": "8464 Freeman Lights\nNorth Morgan, GA 28171"
    }
  },
  {
    "model": "hr.contact",
    "pk": 8,
    "fields": {
      "phone": "+1-026-765-7603x19901",
      "address": "PSC 2192, Box 9785\nAPO AE 80644"
    }
  },
  {
    "model": "hr.contact",
    "pk": 9,
    "fields": {
      "phone": "(361)396-0757x27298",
      "address": "3611 Cruz Island Apt. 171\nPort Christine, VA 82309"
    }
  },
  {
    "model": "hr.contact",
    "pk": 10,
    "fields": {
      "phone": "703-883-8805",
      "address": "865 Carol Wall\nGraystad, MP 23219"
    }
  },
  {
    "model": "hr.contact",
    "pk": 11,
    "fields": {
      "phone": "(885)254-5966x813",
      "address": "02055 Park Field\nLake Vincent, SC 98159"
    }
  },
  {
    "model": "hr.contact",
    "pk": 12,
    "fields": {
      "phone": "087-440-3519x29084",
      "address": "10500 Moreno Locks\nAprilview, TX 20564"
    }
  },
  {
    "model": "hr.contact",
    "pk": 13,
    "fields": {
      "phone": "410-337-8796",
      "address": "255 Diaz Junctions\nPort Andrea, NH 22523"
    }
  },
  {
    "model": "hr.contact",
    "pk": 14,
    "fields": {
      "phone": "(869)929-2105",
      "address": "3666 Jacob Camp Suite 568\nEast Edward, DE 89088"
    }
  },
  {
    "model": "hr.contact",
    "pk": 15,
    "fields": {
      "phone": "001-212-148-0095x983",
      "address": "USNS Sims\nFPO AE 16824"
    }
  },
  {
    "model": "hr.contact",
    "pk": 16,
    "fields": {
      "phone": "820-570-3798x82884",
      "address": "2198 Christina Creek\nWhitneyview, OK 83328"
    }
  },
  {
    "model": "hr.contact",
    "pk": 17,
    "fields": {
      "phone": "498-041-4583x3483",
      "address": "98743 Robert Junctions\nSouth Destiny, NJ 20737"
    }
  },
  {
    "model": "hr.contact",
    "pk": 18,
    "fields": {
      "phone": "551.916.2754x3242",
      "address": "PSC 6869, Box 1847\nAPO AA 72534"
    }
  },
  {
    "model": "hr.contact",
    "pk": 19,
    "fields": {
      "phone": "(546)748-3769",
      "address": "Unit 1705 Box 3771\nDPO AE 13051"
    }
  },
  {
    "model": "hr.contact",
    "pk": 20,
    "fields": {
      "phone": "306-608-6877x473",
      "address": "26069 Bradley Garden\nHenrystad, KY 75541"
    }
  },
  {
    "model": "hr.contact",
    "pk": 21,
    "fields": {
      "phone": "001-860-667-1093x0167",
      "address": "84816 Chen Meadow Suite 331\nKempshire, IA 46137"
    }
  },
  {
    "model": "hr.contact",
    "pk": 22,
    "fields": {
      "phone": "001-447-738-0635x36625",
      "address": "747 Graham Glens Apt. 271\nSarahport, MS 10363"
    }
  },
  {
    "model": "hr.contact",
    "pk": 23,
    "fields": {
      "phone": "490.679.6906",
      "address": "0482 Evans Lodge Apt. 923\nJessicamouth, MP 37924"
    }
  },
  {
    "model": "hr.contact",
    "pk": 24,
    "fields": {
      "phone": "(358)787-3305x714",
      "address": "277 Sarah Road\nDoyleside, PA 55012"
    }
  },
  {
    "model": "hr.contact",
    "pk": 25,
    "fields": {
      "phone": "006-055-0324x89064",
      "address": "59422 Gregory Vista Apt. 868\nAdamside, PW 19990"
    }
  },
  {
    "model": "hr.contact",
    "pk": 26,
    "fields": {
      "phone": "001-692-501-9357x48869",
      "address": "7606 Avery Square\nPort Aliciamouth, MI 55617"
    }
  },
  {
    "model": "hr.contact",
    "pk": 27,
    "fields": {
      "phone": "075-996-4959x530",
      "address": "8544 Lisa Orchard Apt. 081\nJasonburgh, IA 21749"
    }
  },
  {
    "model": "hr.contact",
    "pk": 28,
    "fields": {
      "phone": "059.094.5379x59718",
      "address": "USNS Gardner\nFPO AA 98906"
    }
  },
  {
    "model": "hr.contact",
    "pk": 29,
    "fields": {
      "phone": "001-531-961-4065x74056",
      "address": "006 Hanson Lane\nFreemanville, AL 28227"
    }
  },
  {
    "model": "hr.contact",
    "pk": 30,
    "fields": {
      "phone": "001-980-724-6436",
      "address": "384 Ariana Fords\nBenjaminland, MA 35236"
    }
  },
  {
    "model": "hr.contact",
    "pk": 31,
    "fields": {
      "phone": "(610)730-0908x93949",
      "address": "43615 Hernandez Fields\nSouth Karen, NE 60949"
    }
  },
  {
    "model": "hr.contact",
    "pk": 32,
    "fields": {
      "phone": "(295)888-5815x3866",
      "address": "82127 Manning Isle Suite 090\nJeannetown, RI 64829"
    }
  },
  {
    "model": "hr.contact",
    "pk": 33,
    "fields": {
      "phone": "422-746-1340",
      "address": "375 Berry Shoals\nNew Mariah, NC 03497"
    }
  },
  {
    "model": "hr.contact",
    "pk": 34,
    "fields": {
      "phone": "+1-525-223-9368x661",
      "address": "0312 Robert Drives\nLake Leah, ME 65768"
    }
  },
  {
    "model": "hr.contact",
    "pk": 35,
    "fields": {
      "phone": "755-994-7507x43470",
      "address": "74813 Morgan Village\nJohnstontown, TX 09154"
    }
  },
  {
    "model": "hr.contact",
    "pk": 36,
    "fields": {
      "phone": "+1-206-931-5752x5208",
      "address": "8130 Combs Ferry\nLake Juliefort, NM 65966"
    }
  },
  {
    "model": "hr.contact",
    "pk": 37,
    "fields": {
      "phone": "362.656.6712x5280",
      "address": "09770 Thomas Square\nSouth Chadchester, NV 32098"
    }
  },
  {
    "model": "hr.contact",
    "pk": 38,
    "fields": {
      "phone": "+1-923-224-7870x84651",
      "address": "66020 Pamela Ranch\nDyerside, AZ 75180"
    }
  },
  {
    "model": "hr.contact",
    "pk": 39,
    "fields": {
      "phone": "221.476.9290x6003",
      "address": "82766 Rachel Coves\nBrandonberg, WY 45925"
    }
  },
  {
    "model": "hr.contact",
    "pk": 40,
    "fields": {
      "phone": "001-986-155-1028x7244",
      "address": "USCGC Robinson\nFPO AA 43352"
    }
  },
  {
    "model": "hr.contact",
    "pk": 41,
    "fields": {
      "phone": "324-834-0886x38343",
      "address": "46080 Monica Village Apt. 605\nSmithside, VT 65869"
    }
  },
  {
    "model": "hr.contact",
    "pk": 42,
    "fields": {
      "phone": "688-142-1399",
      "address": "88916 Jeffrey Loaf Suite 391\nSimpsonstad, AZ 68352"
    }
  },
  {
    "model": "hr.contact",
    "pk": 43,
    "fields": { "phone": "2823310076", "address": "USNS Young\nFPO AP 84241" }
  },
  {
    "model": "hr.contact",
    "pk": 44,
    "fields": {
      "phone": "455-765-5009",
      "address": "USCGC Alvarez\nFPO AA 68979"
    }
  },
  {
    "model": "hr.contact",
    "pk": 45,
    "fields": {
      "phone": "224.935.0145x97376",
      "address": "01916 Banks Road Apt. 391\nHarmonstad, IN 83875"
    }
  },
  {
    "model": "hr.contact",
    "pk": 46,
    "fields": {
      "phone": "(425)364-5518",
      "address": "49126 Benson Lake Suite 147\nSophiaberg, RI 24116"
    }
  },
  {
    "model": "hr.contact",
    "pk": 47,
    "fields": {
      "phone": "(512)714-7255",
      "address": "5677 Matthew Extension\nWest Jeremy, WI 75762"
    }
  },
  {
    "model": "hr.contact",
    "pk": 48,
    "fields": {
      "phone": "+1-511-272-5047x854",
      "address": "79845 Nguyen Prairie\nJesustown, NY 76861"
    }
  },
  {
    "model": "hr.contact",
    "pk": 49,
    "fields": {
      "phone": "283.922.4599",
      "address": "378 Jason Circles Apt. 135\nNguyenfort, AK 55170"
    }
  },
  {
    "model": "hr.contact",
    "pk": 50,
    "fields": {
      "phone": "691-807-9206x90646",
      "address": "44784 Wood Cliff Apt. 720\nPadillaburgh, NJ 73571"
    }
  },
  {
    "model": "hr.contact",
    "pk": 51,
    "fields": {
      "phone": "+1-380-214-3129x30258",
      "address": "9673 Gregory Branch\nRussellport, CA 10846"
    }
  },
  {
    "model": "hr.contact",
    "pk": 52,
    "fields": {
      "phone": "(497)810-8999",
      "address": "45855 Lewis Plaza Apt. 352\nMurrayland, DC 84214"
    }
  },
  {
    "model": "hr.contact",
    "pk": 53,
    "fields": {
      "phone": "+1-901-196-4652x656",
      "address": "25698 Jennifer Prairie\nEast Jesus, MI 46541"
    }
  },
  {
    "model": "hr.contact",
    "pk": 54,
    "fields": {
      "phone": "258-396-8715",
      "address": "754 Tom Glens\nMariochester, MD 89920"
    }
  },
  {
    "model": "hr.contact",
    "pk": 55,
    "fields": {
      "phone": "873.277.0010",
      "address": "710 Garcia Passage\nLorichester, PR 51517"
    }
  },
  {
    "model": "hr.contact",
    "pk": 56,
    "fields": {
      "phone": "(297)385-1116",
      "address": "752 Thompson Grove Suite 389\nPort Meagan, AK 11855"
    }
  },
  {
    "model": "hr.contact",
    "pk": 57,
    "fields": {
      "phone": "2580262313",
      "address": "655 Teresa Walk Apt. 119\nChristopherland, AL 97176"
    }
  },
  {
    "model": "hr.contact",
    "pk": 58,
    "fields": {
      "phone": "711-469-4849x79399",
      "address": "PSC 8201, Box 5739\nAPO AA 68248"
    }
  },
  {
    "model": "hr.contact",
    "pk": 59,
    "fields": {
      "phone": "787.079.8620",
      "address": "8672 Adams Groves\nJosephshire, OK 54571"
    }
  },
  {
    "model": "hr.contact",
    "pk": 60,
    "fields": {
      "phone": "589-896-1932x6569",
      "address": "09603 Moreno Lights\nEast Brandon, UT 34767"
    }
  },
  {
    "model": "hr.contact",
    "pk": 61,
    "fields": {
      "phone": "893.128.7623x3782",
      "address": "56045 Ortiz Cliff Suite 704\nJustinmouth, MT 68308"
    }
  },
  {
    "model": "hr.contact",
    "pk": 62,
    "fields": {
      "phone": "104.519.8073",
      "address": "898 Richard Route Apt. 990\nEast Corey, PA 02911"
    }
  },
  {
    "model": "hr.contact",
    "pk": 63,
    "fields": {
      "phone": "4474441678",
      "address": "3669 Benjamin Brook Apt. 414\nMartinport, VA 48284"
    }
  },
  {
    "model": "hr.contact",
    "pk": 64,
    "fields": {
      "phone": "095-551-9467x4499",
      "address": "01074 Samantha Roads\nWest Rubenland, NV 11242"
    }
  },
  {
    "model": "hr.contact",
    "pk": 65,
    "fields": {
      "phone": "5383223886",
      "address": "977 Brian Mission\nCrystalside, CO 30014"
    }
  },
  {
    "model": "hr.contact",
    "pk": 66,
    "fields": {
      "phone": "7158812809",
      "address": "857 Sullivan Parkways\nNorth William, CO 25041"
    }
  },
  {
    "model": "hr.contact",
    "pk": 67,
    "fields": {
      "phone": "+1-304-399-0682",
      "address": "65201 Tara Forges Apt. 107\nDiazton, NM 43978"
    }
  },
  {
    "model": "hr.contact",
    "pk": 68,
    "fields": {
      "phone": "(652)887-2794x069",
      "address": "660 Beth Mission\nNorth Melissaview, MS 88542"
    }
  },
  {
    "model": "hr.contact",
    "pk": 69,
    "fields": {
      "phone": "997-043-1143x3283",
      "address": "095 Hale Points\nPort Dominiquemouth, VI 66933"
    }
  },
  {
    "model": "hr.contact",
    "pk": 70,
    "fields": {
      "phone": "958.944.7206x013",
      "address": "2554 Sally Creek\nBrittanyshire, OR 56609"
    }
  },
  {
    "model": "hr.contact",
    "pk": 71,
    "fields": {
      "phone": "001-918-278-3837x98471",
      "address": "2404 Steven Forest\nChristophertown, NV 84982"
    }
  },
  {
    "model": "hr.contact",
    "pk": 72,
    "fields": {
      "phone": "+1-240-245-9719x788",
      "address": "399 Garcia Gardens Apt. 204\nPatriciastad, ND 55405"
    }
  },
  {
    "model": "hr.contact",
    "pk": 73,
    "fields": {
      "phone": "(750)293-7144x112",
      "address": "76364 Dylan Ford Apt. 056\nLake Katieton, OK 97790"
    }
  },
  {
    "model": "hr.contact",
    "pk": 74,
    "fields": {
      "phone": "715.232.2088",
      "address": "608 Morgan Centers Apt. 603\nWest Judy, HI 16682"
    }
  },
  {
    "model": "hr.contact",
    "pk": 75,
    "fields": {
      "phone": "3798311043",
      "address": "910 James Radial\nLarsenhaven, PW 22343"
    }
  },
  {
    "model": "hr.contact",
    "pk": 76,
    "fields": {
      "phone": "+1-584-904-4831x34633",
      "address": "31629 Keith View\nPort Kennethshire, GU 10902"
    }
  },
  {
    "model": "hr.contact",
    "pk": 77,
    "fields": {
      "phone": "001-160-769-7538x431",
      "address": "7041 Norman Harbors\nNorth Vincent, ME 99634"
    }
  },
  {
    "model": "hr.contact",
    "pk": 78,
    "fields": {
      "phone": "001-969-915-4782x7406",
      "address": "462 Courtney Gateway Suite 106\nEast Mark, AL 51474"
    }
  },
  {
    "model": "hr.contact",
    "pk": 79,
    "fields": {
      "phone": "693.666.4872x0799",
      "address": "850 Young Island Suite 900\nOrrtown, ID 20338"
    }
  },
  {
    "model": "hr.contact",
    "pk": 80,
    "fields": {
      "phone": "721-036-7517x338",
      "address": "7920 Cole Land\nJonesmouth, OR 92791"
    }
  },
  {
    "model": "hr.contact",
    "pk": 81,
    "fields": {
      "phone": "835.967.5345",
      "address": "Unit 4964 Box 8803\nDPO AE 17201"
    }
  },
  {
    "model": "hr.contact",
    "pk": 82,
    "fields": {
      "phone": "113-826-5431",
      "address": "116 Richard Circle\nJamiefurt, NE 09248"
    }
  },
  {
    "model": "hr.contact",
    "pk": 83,
    "fields": {
      "phone": "422.216.8319x55531",
      "address": "USNV Wiley\nFPO AP 38405"
    }
  },
  {
    "model": "hr.contact",
    "pk": 84,
    "fields": {
      "phone": "6029330277",
      "address": "976 Michael Divide\nNorth Tina, TX 08221"
    }
  },
  {
    "model": "hr.contact",
    "pk": 85,
    "fields": {
      "phone": "740-902-7378x10345",
      "address": "38386 Nicholas Passage\nBrownborough, ME 22838"
    }
  },
  {
    "model": "hr.contact",
    "pk": 86,
    "fields": {
      "phone": "726-896-8883",
      "address": "6961 Alexis Lock Suite 341\nWest Garyview, VA 19462"
    }
  },
  {
    "model": "hr.contact",
    "pk": 87,
    "fields": {
      "phone": "001-728-549-3115x471",
      "address": "5305 Clark Dale\nGeraldland, IN 85005"
    }
  },
  {
    "model": "hr.contact",
    "pk": 88,
    "fields": {
      "phone": "176-971-5632",
      "address": "PSC 3241, Box 6868\nAPO AA 29085"
    }
  },
  {
    "model": "hr.contact",
    "pk": 89,
    "fields": {
      "phone": "001-910-379-4326x838",
      "address": "321 Wagner Viaduct Suite 028\nLynchport, NM 85459"
    }
  },
  {
    "model": "hr.contact",
    "pk": 90,
    "fields": {
      "phone": "001-158-932-6738x1946",
      "address": "1522 Kevin Fort\nAlvaradomouth, OK 63795"
    }
  },
  {
    "model": "hr.contact",
    "pk": 91,
    "fields": {
      "phone": "550.185.0330",
      "address": "502 Joseph Rue\nWest Kelly, GU 47794"
    }
  },
  {
    "model": "hr.contact",
    "pk": 92,
    "fields": {
      "phone": "(170)172-1693",
      "address": "536 Shaw Fort Apt. 230\nSouth Nicholas, OR 20880"
    }
  },
  {
    "model": "hr.contact",
    "pk": 93,
    "fields": {
      "phone": "(262)311-3769",
      "address": "3558 Rios Lake Apt. 558\nEast Thomas, NY 47862"
    }
  },
  {
    "model": "hr.contact",
    "pk": 94,
    "fields": {
      "phone": "001-369-745-6574",
      "address": "30087 Shepherd Shoal\nWilliamstown, PA 46642"
    }
  },
  {
    "model": "hr.contact",
    "pk": 95,
    "fields": {
      "phone": "109.405.7064x3192",
      "address": "51946 Smith Lane\nSouth Danielle, GU 75234"
    }
  },
  {
    "model": "hr.contact",
    "pk": 96,
    "fields": {
      "phone": "5596495741",
      "address": "PSC 1223, Box 2625\nAPO AA 36156"
    }
  },
  {
    "model": "hr.contact",
    "pk": 97,
    "fields": {
      "phone": "001-145-045-3800x8112",
      "address": "USS Ramirez\nFPO AE 06422"
    }
  },
  {
    "model": "hr.contact",
    "pk": 98,
    "fields": {
      "phone": "(822)962-8508",
      "address": "6647 Ferguson Union\nBrianbury, CA 98827"
    }
  },
  {
    "model": "hr.contact",
    "pk": 99,
    "fields": {
      "phone": "(851)605-2170",
      "address": "64736 Bailey Greens\nKristenborough, MP 31991"
    }
  },
  {
    "model": "hr.contact",
    "pk": 100,
    "fields": {
      "phone": "5510741921",
      "address": "60766 Smith Rapids\nEast Davidville, VA 78312"
    }
  },
  {
    "model": "hr.contact",
    "pk": 101,
    "fields": {
      "phone": "(809)354-2003x4240",
      "address": "0388 April Forest\nLake Sonya, CO 18220"
    }
  },
  {
    "model": "hr.contact",
    "pk": 102,
    "fields": {
      "phone": "813.315.1036",
      "address": "84573 Cole Prairie\nDownsburgh, NJ 21919"
    }
  },
  {
    "model": "hr.contact",
    "pk": 103,
    "fields": {
      "phone": "+1-180-939-4042",
      "address": "376 Singh Plains Suite 482\nLake Lisaland, MA 38631"
    }
  },
  {
    "model": "hr.contact",
    "pk": 104,
    "fields": {
      "phone": "001-992-668-9502x697",
      "address": "97214 Justin Overpass\nNew Laurenmouth, MP 09332"
    }
  },
  {
    "model": "hr.contact",
    "pk": 105,
    "fields": {
      "phone": "136.096.3109x736",
      "address": "9108 Jared Meadows\nJohnsonberg, WV 33886"
    }
  },
  {
    "model": "hr.contact",
    "pk": 106,
    "fields": {
      "phone": "+1-788-690-4570",
      "address": "9278 Phillips Station\nJuantown, RI 44660"
    }
  },
  {
    "model": "hr.contact",
    "pk": 107,
    "fields": {
      "phone": "920-386-8872x3609",
      "address": "53805 Barbara Way Apt. 421\nJuliefurt, NE 87786"
    }
  },
  {
    "model": "hr.contact",
    "pk": 108,
    "fields": {
      "phone": "001-006-099-2457x898",
      "address": "7798 Fritz Well\nNorth Thomaschester, SC 22808"
    }
  },
  {
    "model": "hr.contact",
    "pk": 109,
    "fields": {
      "phone": "2489682133",
      "address": "41076 David Dam Apt. 151\nLake Natasha, ME 34148"
    }
  },
  {
    "model": "hr.contact",
    "pk": 110,
    "fields": {
      "phone": "496-974-0653x3337",
      "address": "8683 Bailey Road Apt. 834\nKatherinestad, IA 32617"
    }
  },
  {
    "model": "hr.contact",
    "pk": 111,
    "fields": {
      "phone": "641-694-2222",
      "address": "75248 Christy Spring\nLake Oscar, NH 58422"
    }
  },
  {
    "model": "hr.contact",
    "pk": 112,
    "fields": {
      "phone": "(776)996-9583",
      "address": "45392 Woods Pine\nWest Cheyennechester, AZ 27579"
    }
  },
  {
    "model": "hr.contact",
    "pk": 113,
    "fields": {
      "phone": "513.173.5498",
      "address": "Unit 3429 Box 8341\nDPO AP 86078"
    }
  },
  {
    "model": "hr.contact",
    "pk": 114,
    "fields": {
      "phone": "997-735-1394x4295",
      "address": "249 Jones Cape\nSouth Marymouth, LA 61147"
    }
  },
  {
    "model": "hr.contact",
    "pk": 115,
    "fields": {
      "phone": "(985)989-6946",
      "address": "5871 Smith Cove\nLake Tracey, IN 67452"
    }
  },
  {
    "model": "hr.contact",
    "pk": 116,
    "fields": {
      "phone": "4381819857",
      "address": "129 Mark Manor\nChristinachester, FM 33058"
    }
  },
  {
    "model": "hr.contact",
    "pk": 117,
    "fields": {
      "phone": "151-184-4645",
      "address": "88427 Dudley Haven\nEast Ryan, AK 76295"
    }
  },
  {
    "model": "hr.contact",
    "pk": 118,
    "fields": {
      "phone": "868.612.3993x405",
      "address": "494 Jones Prairie Suite 667\nMayport, MN 22257"
    }
  },
  {
    "model": "hr.contact",
    "pk": 119,
    "fields": {
      "phone": "(059)228-0957",
      "address": "3799 Martin Ridges\nDanielmouth, WY 40704"
    }
  },
  {
    "model": "hr.contact",
    "pk": 120,
    "fields": {
      "phone": "+1-412-309-7154x2092",
      "address": "Unit 5208 Box 4211\nDPO AE 61446"
    }
  },
  {
    "model": "hr.contact",
    "pk": 121,
    "fields": {
      "phone": "050.041.7256",
      "address": "770 Susan Ford Suite 874\nEast Emilymouth, AL 45785"
    }
  },
  {
    "model": "hr.contact",
    "pk": 122,
    "fields": {
      "phone": "001-285-337-3797x24730",
      "address": "0133 Lee Burgs Apt. 162\nKaylaberg, HI 14125"
    }
  },
  {
    "model": "hr.contact",
    "pk": 123,
    "fields": {
      "phone": "001-796-638-2596x1256",
      "address": "9764 Dustin Fort\nBellfort, NH 17919"
    }
  },
  {
    "model": "hr.contact",
    "pk": 124,
    "fields": {
      "phone": "2304210526",
      "address": "39383 Wanda Lodge Apt. 863\nNew Donald, ID 58171"
    }
  },
  {
    "model": "hr.contact",
    "pk": 125,
    "fields": {
      "phone": "(845)119-6995x52045",
      "address": "317 Susan Causeway\nMariaview, PA 70156"
    }
  },
  {
    "model": "hr.contact",
    "pk": 126,
    "fields": {
      "phone": "001-101-398-4454x408",
      "address": "85086 Snow Inlet\nNorth Arthurton, WI 61305"
    }
  },
  {
    "model": "hr.contact",
    "pk": 127,
    "fields": {
      "phone": "001-895-804-6873x8978",
      "address": "001 Linda Spring Apt. 822\nFloresmouth, AZ 78557"
    }
  },
  {
    "model": "hr.contact",
    "pk": 128,
    "fields": {
      "phone": "(771)149-8110x2184",
      "address": "23734 Miller Lakes\nSouth Jenniferburgh, LA 55980"
    }
  },
  {
    "model": "hr.contact",
    "pk": 129,
    "fields": {
      "phone": "582.780.3663",
      "address": "58833 William Ferry\nEast Julie, NM 86286"
    }
  },
  {
    "model": "hr.contact",
    "pk": 130,
    "fields": {
      "phone": "008.729.6911",
      "address": "830 Daniel Dam Apt. 720\nKevinfurt, GA 91154"
    }
  },
  {
    "model": "hr.contact",
    "pk": 131,
    "fields": {
      "phone": "(970)052-8227x3874",
      "address": "44457 Rebecca Rue\nNorth Brendaburgh, NY 88599"
    }
  },
  {
    "model": "hr.contact",
    "pk": 132,
    "fields": {
      "phone": "166-702-0756x3877",
      "address": "95366 Victor Summit\nPaulhaven, NE 79619"
    }
  },
  {
    "model": "hr.contact",
    "pk": 133,
    "fields": {
      "phone": "(274)366-3131",
      "address": "878 Christian Mission Apt. 810\nNew Kelly, RI 77810"
    }
  },
  {
    "model": "hr.contact",
    "pk": 134,
    "fields": {
      "phone": "+1-904-145-8666x294",
      "address": "62993 Tracey Islands\nNew Christina, MA 57681"
    }
  },
  {
    "model": "hr.contact",
    "pk": 135,
    "fields": {
      "phone": "(948)155-8519",
      "address": "135 Diamond Highway\nSmithstad, TN 73542"
    }
  },
  {
    "model": "hr.contact",
    "pk": 136,
    "fields": {
      "phone": "+1-151-595-5624",
      "address": "16617 John Lane Suite 176\nNorth Desiree, DC 74829"
    }
  },
  {
    "model": "hr.contact",
    "pk": 137,
    "fields": {
      "phone": "+1-874-825-1485x779",
      "address": "696 Rodriguez Key Apt. 966\nNew Lindsay, OR 76197"
    }
  },
  {
    "model": "hr.contact",
    "pk": 138,
    "fields": {
      "phone": "393.914.8706x77992",
      "address": "05604 Carter Spur Apt. 631\nFreemanmouth, NH 85247"
    }
  },
  {
    "model": "hr.contact",
    "pk": 139,
    "fields": {
      "phone": "065-427-3030",
      "address": "538 Park Inlet Apt. 829\nNorth Rachel, IL 96694"
    }
  },
  {
    "model": "hr.contact",
    "pk": 140,
    "fields": {
      "phone": "(349)125-6437x521",
      "address": "47544 Hawkins Corners\nSouth Carlbury, IN 75986"
    }
  },
  {
    "model": "hr.contact",
    "pk": 141,
    "fields": {
      "phone": "001-266-499-9878x4345",
      "address": "Unit 9952 Box 2125\nDPO AP 75532"
    }
  },
  {
    "model": "hr.contact",
    "pk": 142,
    "fields": {
      "phone": "+1-079-590-0160x24476",
      "address": "2888 Novak Crossroad\nWarrenberg, HI 93461"
    }
  },
  {
    "model": "hr.contact",
    "pk": 143,
    "fields": {
      "phone": "404-441-8152x045",
      "address": "72431 Melanie Hill Apt. 178\nBarronberg, KY 54000"
    }
  },
  {
    "model": "hr.contact",
    "pk": 144,
    "fields": {
      "phone": "+1-279-596-8078x590",
      "address": "2671 Jensen Route Suite 810\nTuckerbury, ND 72500"
    }
  },
  {
    "model": "hr.contact",
    "pk": 145,
    "fields": {
      "phone": "600.694.9810x3917",
      "address": "330 Davis Ville\nNorth Charles, TN 77081"
    }
  },
  {
    "model": "hr.contact",
    "pk": 146,
    "fields": {
      "phone": "945-344-0804x912",
      "address": "797 Derek Lakes\nBradfordland, OK 74333"
    }
  },
  {
    "model": "hr.contact",
    "pk": 147,
    "fields": {
      "phone": "+1-757-864-6348x584",
      "address": "984 Justin Points Apt. 817\nJessicamouth, CA 05561"
    }
  },
  {
    "model": "hr.contact",
    "pk": 148,
    "fields": {
      "phone": "528.804.1301x010",
      "address": "70236 Perez Point Apt. 071\nNew Billy, UT 75368"
    }
  },
  {
    "model": "hr.contact",
    "pk": 149,
    "fields": {
      "phone": "818-909-8211",
      "address": "035 Tina Cliff Suite 282\nFloresport, AZ 26481"
    }
  },
  {
    "model": "hr.contact",
    "pk": 150,
    "fields": {
      "phone": "9771255331",
      "address": "036 Jessica Manor\nGeorgebury, NV 17877"
    }
  },
  {
    "model": "hr.contact",
    "pk": 151,
    "fields": {
      "phone": "3815747057",
      "address": "76251 Williams Points\nEast Amyshire, UT 97217"
    }
  },
  {
    "model": "hr.contact",
    "pk": 152,
    "fields": {
      "phone": "001-866-456-5502x579",
      "address": "907 Katherine Parkway\nJameston, OH 21755"
    }
  },
  {
    "model": "hr.contact",
    "pk": 153,
    "fields": {
      "phone": "+1-541-766-3414x9291",
      "address": "3114 Price Gardens\nHesschester, NH 43353"
    }
  },
  {
    "model": "hr.contact",
    "pk": 154,
    "fields": {
      "phone": "001-232-174-3256x75670",
      "address": "642 Ricky Isle Apt. 368\nNew Rebeccafurt, SD 27378"
    }
  },
  {
    "model": "hr.contact",
    "pk": 155,
    "fields": {
      "phone": "001-813-213-8919x2395",
      "address": "5970 Scott Turnpike Apt. 426\nAllisonside, TN 89373"
    }
  },
  {
    "model": "hr.contact",
    "pk": 156,
    "fields": {
      "phone": "480.434.3346x68236",
      "address": "8457 Peter Groves\nNew Teresaborough, WV 09847"
    }
  },
  {
    "model": "hr.contact",
    "pk": 157,
    "fields": {
      "phone": "918.026.2927",
      "address": "0136 Marc Plaza Apt. 670\nMatthewmouth, UT 52996"
    }
  },
  {
    "model": "hr.contact",
    "pk": 158,
    "fields": {
      "phone": "(037)798-9706",
      "address": "Unit 9017 Box 7865\nDPO AE 77697"
    }
  },
  {
    "model": "hr.contact",
    "pk": 159,
    "fields": {
      "phone": "+1-166-971-0388x58623",
      "address": "30451 George Manor\nSouth Amyton, LA 23207"
    }
  },
  {
    "model": "hr.contact",
    "pk": 160,
    "fields": {
      "phone": "(557)344-1573x001",
      "address": "97262 Ross Rest\nPhamport, ND 74032"
    }
  },
  {
    "model": "hr.contact",
    "pk": 161,
    "fields": {
      "phone": "710-939-2320",
      "address": "Unit 9505 Box 7075\nDPO AE 63734"
    }
  },
  {
    "model": "hr.contact",
    "pk": 162,
    "fields": {
      "phone": "001-695-854-2521",
      "address": "75073 Kevin Neck\nSouth Nichole, OH 47570"
    }
  },
  {
    "model": "hr.contact",
    "pk": 163,
    "fields": {
      "phone": "+1-210-843-8013x98388",
      "address": "63177 Alexis Cliffs\nMichaelmouth, RI 93966"
    }
  },
  {
    "model": "hr.contact",
    "pk": 164,
    "fields": {
      "phone": "(278)951-9423",
      "address": "50312 Franklin Gardens\nPooleberg, WA 42167"
    }
  },
  {
    "model": "hr.contact",
    "pk": 165,
    "fields": {
      "phone": "001-165-862-6780",
      "address": "9917 Mcbride Mews Apt. 931\nPaulchester, MT 90308"
    }
  },
  {
    "model": "hr.contact",
    "pk": 166,
    "fields": {
      "phone": "954-688-7664x9540",
      "address": "0739 David Via Suite 494\nEast Cole, ND 52114"
    }
  },
  {
    "model": "hr.contact",
    "pk": 167,
    "fields": {
      "phone": "450-701-8743x386",
      "address": "USNS Thomas\nFPO AP 55606"
    }
  },
  {
    "model": "hr.contact",
    "pk": 168,
    "fields": {
      "phone": "422.149.8364x5370",
      "address": "31208 Clarke Walk\nWest Mary, AZ 35858"
    }
  },
  {
    "model": "hr.department",
    "pk": 1,
    "fields": { "name": "IT", "description": "Information Technology" }
  },
  {
    "model": "hr.department",
    "pk": 2,
    "fields": { "name": "Sales", "description": "" }
  },
  {
    "model": "hr.department",
    "pk": 3,
    "fields": { "name": "Marketing", "description": "" }
  },
  {
    "model": "hr.department",
    "pk": 4,
    "fields": { "name": "SCM", "description": "" }
  },
  {
    "model": "hr.department",
    "pk": 5,
    "fields": { "name": "Finance", "description": "" }
  },
  {
    "model": "hr.department",
    "pk": 6,
    "fields": { "name": "GA", "description": "" }
  },
  {
    "model": "hr.department",
    "pk": 7,
    "fields": { "name": "HR", "description": "" }
  },
  { "model": "hr.compensation", "pk": 1, "fields": { "name": "Stock" } },
  { "model": "hr.compensation", "pk": 2, "fields": { "name": "Bonuses" } },
  {
    "model": "hr.compensation",
    "pk": 3,
    "fields": { "name": "Profit Sharing" }
  },
  {
    "model": "hr.employee",
    "pk": 1,
    "fields": {
      "first_name": "Michael",
      "last_name": "Jacobs",
      "contact": 1,
      "department": 7,
      "compensations": [1, 2, 3]
    }
  },
  {
    "model": "hr.employee",
    "pk": 2,
    "fields": {
      "first_name": "Brian",
      "last_name": "Nelson",
      "contact": 2,
      "department": 7,
      "compensations": [2, 3]
    }
  },
  {
    "model": "hr.employee",
    "pk": 3,
    "fields": {
      "first_name": "Lauren",
      "last_name": "Mcdonald",
      "contact": 3,
      "department": 6,
      "compensations": [1, 2, 3]
    }
  },
  {
    "model": "hr.employee",
    "pk": 4,
    "fields": {
      "first_name": "Vanessa",
      "last_name": "Allen",
      "contact": 4,
      "department": 2,
      "compensations": [1, 2, 3]
    }
  },
  {
    "model": "hr.employee",
    "pk": 5,
    "fields": {
      "first_name": "Randy",
      "last_name": "Morris",
      "contact": 5,
      "department": 3,
      "compensations": [1, 2, 3]
    }
  },
  {
    "model": "hr.employee",
    "pk": 6,
    "fields": {
      "first_name": "Blake",
      "last_name": "Medina",
      "contact": 6,
      "department": 2,
      "compensations": [1, 2, 3]
    }
  },
  {
    "model": "hr.employee",
    "pk": 7,
    "fields": {
      "first_name": "Kelly",
      "last_name": "Stewart",
      "contact": 7,
      "department": 5,
      "compensations": [1, 2, 3]
    }
  },
  {
    "model": "hr.employee",
    "pk": 8,
    "fields": {
      "first_name": "Bonnie",
      "last_name": "Glover",
      "contact": 8,
      "department": 7,
      "compensations": [2, 3]
    }
  },
  {
    "model": "hr.employee",
    "pk": 9,
    "fields": {
      "first_name": "Tanya",
      "last_name": "Miller",
      "contact": 9,
      "department": 1,
      "compensations": [1, 2, 3]
    }
  },
  {
    "model": "hr.employee",
    "pk": 10,
    "fields": {
      "first_name": "Samantha",
      "last_name": "Marshall",
      "contact": 10,
      "department": 2,
      "compensations": [1, 2, 3]
    }
  },
  {
    "model": "hr.employee",
    "pk": 11,
    "fields": {
      "first_name": "Timothy",
      "last_name": "Dillon",
      "contact": 11,
      "department": 7,
      "compensations": [2, 3]
    }
  },
  {
    "model": "hr.employee",
    "pk": 12,
    "fields": {
      "first_name": "Martin",
      "last_name": "Raymond",
      "contact": 12,
      "department": 5,
      "compensations": [1, 2, 3]
    }
  },
  {
    "model": "hr.employee",
    "pk": 13,
    "fields": {
      "first_name": "Wendy",
      "last_name": "Reilly",
      "contact": 13,
      "department": 2,
      "compensations": [1, 2, 3]
    }
  },
  {
    "model": "hr.employee",
    "pk": 14,
    "fields": {
      "first_name": "Luis",
      "last_name": "Reese",
      "contact": null,
      "department": 6,
      "compensations": [1, 2, 3]
    }
  },
  {
    "model": "hr.employee",
    "pk": 15,
    "fields": {
      "first_name": "Kimberly",
      "last_name": "Gallagher",
      "contact": null,
      "department": 5,
      "compensations": [1, 2, 3]
    }
  },
  {
    "model": "hr.employee",
    "pk": 16,
    "fields": {
      "first_name": "Danny",
      "last_name": "Turner",
      "contact": null,
      "department": 6,
      "compensations": [1, 2, 3]
    }
  },
  {
    "model": "hr.employee",
    "pk": 17,
    "fields": {
      "first_name": "Jennifer",
      "last_name": "Thompson",
      "contact": 14,
      "department": 1,
      "compensations": [1, 2, 3]
    }
  },
  {
    "model": "hr.employee",
    "pk": 18,
    "fields": {
      "first_name": "Stacy",
      "last_name": "Martin",
      "contact": null,
      "department": 4,
      "compensations": [2, 3]
    }
  },
  {
    "model": "hr.employee",
    "pk": 19,
    "fields": {
      "first_name": "Nicole",
      "last_name": "Chan",
      "contact": null,
      "department": 4,
      "compensations": [1, 2, 3]
    }
  },
  {
    "model": "hr.employee",
    "pk": 20,
    "fields": {
      "first_name": "Mason",
      "last_name": "Jones",
      "contact": null,
      "department": 6,
      "compensations": [2, 3]
    }
  },
  {
    "model": "hr.employee",
    "pk": 21,
    "fields": {
      "first_name": "Tyler",
      "last_name": "Briggs",
      "contact": 15,
      "department": 1,
      "compensations": [1, 2, 3]
    }
  },
  {
    "model": "hr.employee",
    "pk": 22,
    "fields": {
      "first_name": "Barbara",
      "last_name": "Jackson",
      "contact": 16,
      "department": 2,
      "compensations": [2, 3]
    }
  },
  {
    "model": "hr.employee",
    "pk": 23,
    "fields": {
      "first_name": "Tamara",
      "last_name": "Gilbert",
      "contact": 17,
      "department": 2,
      "compensations": [1, 2, 3]
    }
  },
  {
    "model": "hr.employee",
    "pk": 24,
    "fields": {
      "first_name": "Isabel",
      "last_name": "Odonnell",
      "contact": 18,
      "department": 1,
      "compensations": [1, 2, 3]
    }
  },
  {
    "model": "hr.employee",
    "pk": 25,
    "fields": {
      "first_name": "Kyle",
      "last_name": "Bennett",
      "contact": 19,
      "department": 1,
      "compensations": [1, 2, 3]
    }
  },
  {
    "model": "hr.employee",
    "pk": 26,
    "fields": {
      "first_name": "Eduardo",
      "last_name": "Potts",
      "contact": 20,
      "department": 3,
      "compensations": [2, 3]
    }
  },
  {
    "model": "hr.employee",
    "pk": 27,
    "fields": {
      "first_name": "Karina",
      "last_name": "Bell",
      "contact": 21,
      "department": 1,
      "compensations": [1, 2, 3]
    }
  },
  {
    "model": "hr.employee",
    "pk": 28,
    "fields": {
      "first_name": "Andrew",
      "last_name": "Guerra",
      "contact": 22,
      "department": 1,
      "compensations": [2, 3]
    }
  },
  {
    "model": "hr.employee",
    "pk": 29,
    "fields": {
      "first_name": "Erica",
      "last_name": "Brown",
      "contact": 23,
      "department": 2,
      "compensations": [1, 2, 3]
    }
  },
  {
    "model": "hr.employee",
    "pk": 30,
    "fields": {
      "first_name": "Brian",
      "last_name": "Davila",
      "contact": 24,
      "department": 6,
      "compensations": [1, 2, 3]
    }
  },
  {
    "model": "hr.employee",
    "pk": 31,
    "fields": {
      "first_name": "Samantha",
      "last_name": "Martin",
      "contact": 25,
      "department": 4,
      "compensations": [1, 2, 3]
    }
  },
  {
    "model": "hr.employee",
    "pk": 32,
    "fields": {
      "first_name": "Stephen",
      "last_name": "Jennings",
      "contact": 26,
      "department": 1,
      "compensations": [1, 2, 3]
    }
  },
  {
    "model": "hr.employee",
    "pk": 33,
    "fields": {
      "first_name": "Raymond",
      "last_name": "Smith",
      "contact": 27,
      "department": 7,
      "compensations": [2, 3]
    }
  },
  {
    "model": "hr.employee",
    "pk": 34,
    "fields": {
      "first_name": "Renee",
      "last_name": "Lee",
      "contact": 28,
      "department": 2,
      "compensations": [2, 3]
    }
  },
  {
    "model": "hr.employee",
    "pk": 35,
    "fields": {
      "first_name": "Alicia",
      "last_name": "Wyatt",
      "contact": null,
      "department": 2,
      "compensations": [1, 2, 3]
    }
  },
  {
    "model": "hr.employee",
    "pk": 36,
    "fields": {
      "first_name": "Lisa",
      "last_name": "Rodriguez",
      "contact": 29,
      "department": 4,
      "compensations": [1, 2, 3]
    }
  },
  {
    "model": "hr.employee",
    "pk": 37,
    "fields": {
      "first_name": "Natalie",
      "last_name": "Jarvis",
      "contact": null,
      "department": 6,
      "compensations": [2, 3]
    }
  },
  {
    "model": "hr.employee",
    "pk": 38,
    "fields": {
      "first_name": "Martha",
      "last_name": "Sellers",
      "contact": 30,
      "department": 6,
      "compensations": [2, 3]
    }
  },
  {
    "model": "hr.employee",
    "pk": 39,
    "fields": {
      "first_name": "Cindy",
      "last_name": "Mcgee",
      "contact": 31,
      "department": 7,
      "compensations": [1, 2, 3]
    }
  },
  {
    "model": "hr.employee",
    "pk": 40,
    "fields": {
      "first_name": "Tammy",
      "last_name": "Holt",
      "contact": 32,
      "department": 2,
      "compensations": [1, 2, 3]
    }
  },
  {
    "model": "hr.employee",
    "pk": 41,
    "fields": {
      "first_name": "Patricia",
      "last_name": "Krause",
      "contact": null,
      "department": 4,
      "compensations": [1, 2, 3]
    }
  },
  {
    "model": "hr.employee",
    "pk": 42,
    "fields": {
      "first_name": "Jerry",
      "last_name": "Cunningham",
      "contact": null,
      "department": 2,
      "compensations": [2, 3]
    }
  },
  {
    "model": "hr.employee",
    "pk": 43,
    "fields": {
      "first_name": "Eric",
      "last_name": "Moore",
      "contact": 33,
      "department": 1,
      "compensations": [1, 2, 3]
    }
  },
  {
    "model": "hr.employee",
    "pk": 44,
    "fields": {
      "first_name": "James",
      "last_name": "White",
      "contact": null,
      "department": 7,
      "compensations": [2, 3]
    }
  },
  {
    "model": "hr.employee",
    "pk": 45,
    "fields": {
      "first_name": "Christine",
      "last_name": "Craig",
      "contact": 34,
      "department": 3,
      "compensations": [2, 3]
    }
  },
  {
    "model": "hr.employee",
    "pk": 46,
    "fields": {
      "first_name": "Karen",
      "last_name": "Hodges",
      "contact": 35,
      "department": 2,
      "compensations": [2, 3]
    }
  },
  {
    "model": "hr.employee",
    "pk": 47,
    "fields": {
      "first_name": "Nathan",
      "last_name": "Burns",
      "contact": 36,
      "department": 2,
      "compensations": [2, 3]
    }
  },
  {
    "model": "hr.employee",
    "pk": 48,
    "fields": {
      "first_name": "Kyle",
      "last_name": "Pratt",
      "contact": 37,
      "department": 5,
      "compensations": [1, 2, 3]
    }
  },
  {
    "model": "hr.employee",
    "pk": 49,
    "fields": {
      "first_name": "Ray",
      "last_name": "Small",
      "contact": null,
      "department": 3,
      "compensations": [2, 3]
    }
  },
  {
    "model": "hr.employee",
    "pk": 50,
    "fields": {
      "first_name": "Cindy",
      "last_name": "Burch",
      "contact": 38,
      "department": 3,
      "compensations": [1, 2, 3]
    }
  },
  {
    "model": "hr.employee",
    "pk": 51,
    "fields": {
      "first_name": "Micheal",
      "last_name": "Craig",
      "contact": 39,
      "department": 3,
      "compensations": [1, 2, 3]
    }
  },
  {
    "model": "hr.employee",
    "pk": 52,
    "fields": {
      "first_name": "Todd",
      "last_name": "Evans",
      "contact": 40,
      "department": 3,
      "compensations": [2, 3]
    }
  },
  {
    "model": "hr.employee",
    "pk": 53,
    "fields": {
      "first_name": "Anne",
      "last_name": "Odom",
      "contact": 41,
      "department": 7,
      "compensations": [1, 2, 3]
    }
  },
  {
    "model": "hr.employee",
    "pk": 54,
    "fields": {
      "first_name": "David",
      "last_name": "Davis",
      "contact": null,
      "department": 4,
      "compensations": [1, 2, 3]
    }
  },
  {
    "model": "hr.employee",
    "pk": 55,
    "fields": {
      "first_name": "Brian",
      "last_name": "Allen",
      "contact": null,
      "department": 2,
      "compensations": [1, 2, 3]
    }
  },
  {
    "model": "hr.employee",
    "pk": 56,
    "fields": {
      "first_name": "Jamie",
      "last_name": "Jackson",
      "contact": 42,
      "department": 1,
      "compensations": [1, 2, 3]
    }
  },
  {
    "model": "hr.employee",
    "pk": 57,
    "fields": {
      "first_name": "Ashley",
      "last_name": "Brown",
      "contact": 43,
      "department": 6,
      "compensations": [1, 2, 3]
    }
  },
  {
    "model": "hr.employee",
    "pk": 58,
    "fields": {
      "first_name": "Spencer",
      "last_name": "Riggs",
      "contact": 44,
      "department": 4,
      "compensations": [1, 2, 3]
    }
  },
  {
    "model": "hr.employee",
    "pk": 59,
    "fields": {
      "first_name": "Jacqueline",
      "last_name": "Weaver",
      "contact": 45,
      "department": 5,
      "compensations": [1, 2, 3]
    }
  },
  {
    "model": "hr.employee",
    "pk": 60,
    "fields": {
      "first_name": "Brett",
      "last_name": "Evans",
      "contact": null,
      "department": 4,
      "compensations": [2, 3]
    }
  },
  {
    "model": "hr.employee",
    "pk": 61,
    "fields": {
      "first_name": "Anthony",
      "last_name": "Welch",
      "contact": 46,
      "department": 1,
      "compensations": [2, 3]
    }
  },
  {
    "model": "hr.employee",
    "pk": 62,
    "fields": {
      "first_name": "Crystal",
      "last_name": "Moran",
      "contact": 47,
      "department": 7,
      "compensations": [2, 3]
    }
  },
  {
    "model": "hr.employee",
    "pk": 63,
    "fields": {
      "first_name": "Kristina",
      "last_name": "Cook",
      "contact": 48,
      "department": 2,
      "compensations": [1, 2, 3]
    }
  },
  {
    "model": "hr.employee",
    "pk": 64,
    "fields": {
      "first_name": "Katie",
      "last_name": "Summers",
      "contact": 49,
      "department": 6,
      "compensations": [2, 3]
    }
  },
  {
    "model": "hr.employee",
    "pk": 65,
    "fields": {
      "first_name": "Reginald",
      "last_name": "Rivera",
      "contact": 50,
      "department": 1,
      "compensations": [2, 3]
    }
  },
  {
    "model": "hr.employee",
    "pk": 66,
    "fields": {
      "first_name": "Linda",
      "last_name": "Garcia",
      "contact": 51,
      "department": 5,
      "compensations": [2, 3]
    }
  },
  {
    "model": "hr.employee",
    "pk": 67,
    "fields": {
      "first_name": "Adam",
      "last_name": "Stewart",
      "contact": 52,
      "department": 5,
      "compensations": [1, 2, 3]
    }
  },
  {
    "model": "hr.employee",
    "pk": 68,
    "fields": {
      "first_name": "Ashley",
      "last_name": "White",
      "contact": null,
      "department": 2,
      "compensations": [1, 2, 3]
    }
  },
  {
    "model": "hr.employee",
    "pk": 69,
    "fields": {
      "first_name": "Victoria",
      "last_name": "Forbes",
      "contact": 53,
      "department": 4,
      "compensations": [2, 3]
    }
  },
  {
    "model": "hr.employee",
    "pk": 70,
    "fields": {
      "first_name": "Roger",
      "last_name": "Robinson",
      "contact": null,
      "department": 6,
      "compensations": [1, 2, 3]
    }
  },
  {
    "model": "hr.employee",
    "pk": 71,
    "fields": {
      "first_name": "Jesus",
      "last_name": "Reilly",
      "contact": null,
      "department": 4,
      "compensations": [2, 3]
    }
  },
  {
    "model": "hr.employee",
    "pk": 72,
    "fields": {
      "first_name": "Troy",
      "last_name": "Ashley",
      "contact": 54,
      "department": 7,
      "compensations": [2, 3]
    }
  },
  {
    "model": "hr.employee",
    "pk": 73,
    "fields": {
      "first_name": "Samuel",
      "last_name": "Cole",
      "contact": 55,
      "department": 1,
      "compensations": [1, 2, 3]
    }
  },
  {
    "model": "hr.employee",
    "pk": 74,
    "fields": {
      "first_name": "Perry",
      "last_name": "Rodriguez",
      "contact": null,
      "department": 6,
      "compensations": [1, 2, 3]
    }
  },
  {
    "model": "hr.employee",
    "pk": 75,
    "fields": {
      "first_name": "Leonard",
      "last_name": "Velez",
      "contact": 56,
      "department": 1,
      "compensations": [2, 3]
    }
  },
  {
    "model": "hr.employee",
    "pk": 76,
    "fields": {
      "first_name": "Patrick",
      "last_name": "Griffith",
      "contact": 57,
      "department": 5,
      "compensations": [2, 3]
    }
  },
  {
    "model": "hr.employee",
    "pk": 77,
    "fields": {
      "first_name": "Amy",
      "last_name": "Lopez",
      "contact": 58,
      "department": 3,
      "compensations": [2, 3]
    }
  },
  {
    "model": "hr.employee",
    "pk": 78,
    "fields": {
      "first_name": "Lynn",
      "last_name": "Potter",
      "contact": null,
      "department": 4,
      "compensations": [2, 3]
    }
  },
  {
    "model": "hr.employee",
    "pk": 79,
    "fields": {
      "first_name": "Ernest",
      "last_name": "Anderson",
      "contact": 59,
      "department": 6,
      "compensations": [1, 2, 3]
    }
  },
  {
    "model": "hr.employee",
    "pk": 80,
    "fields": {
      "first_name": "Oscar",
      "last_name": "Parsons",
      "contact": 60,
      "department": 3,
      "compensations": [1, 2, 3]
    }
  },
  {
    "model": "hr.employee",
    "pk": 81,
    "fields": {
      "first_name": "Jason",
      "last_name": "Myers",
      "contact": 61,
      "department": 4,
      "compensations": [1, 2, 3]
    }
  },
  {
    "model": "hr.employee",
    "pk": 82,
    "fields": {
      "first_name": "Christina",
      "last_name": "Perez",
      "contact": 62,
      "department": 4,
      "compensations": [1, 2, 3]
    }
  },
  {
    "model": "hr.employee",
    "pk": 83,
    "fields": {
      "first_name": "Ryan",
      "last_name": "Garcia",
      "contact": null,
      "department": 5,
      "compensations": [1, 2, 3]
    }
  },
  {
    "model": "hr.employee",
    "pk": 84,
    "fields": {
      "first_name": "Caroline",
      "last_name": "Wallace",
      "contact": 63,
      "department": 4,
      "compensations": [1, 2, 3]
    }
  },
  {
    "model": "hr.employee",
    "pk": 85,
    "fields": {
      "first_name": "Tiffany",
      "last_name": "Jackson",
      "contact": 64,
      "department": 6,
      "compensations": [1, 2, 3]
    }
  },
  {
    "model": "hr.employee",
    "pk": 86,
    "fields": {
      "first_name": "Reginald",
      "last_name": "Duffy",
      "contact": 65,
      "department": 4,
      "compensations": [2, 3]
    }
  },
  {
    "model": "hr.employee",
    "pk": 87,
    "fields": {
      "first_name": "Michael",
      "last_name": "Parker",
      "contact": 66,
      "department": 6,
      "compensations": [1, 2, 3]
    }
  },
  {
    "model": "hr.employee",
    "pk": 88,
    "fields": {
      "first_name": "Alan",
      "last_name": "Johnson",
      "contact": null,
      "department": 5,
      "compensations": [1, 2, 3]
    }
  },
  {
    "model": "hr.employee",
    "pk": 89,
    "fields": {
      "first_name": "William",
      "last_name": "Wise",
      "contact": 67,
      "department": 5,
      "compensations": [2, 3]
    }
  },
  {
    "model": "hr.employee",
    "pk": 90,
    "fields": {
      "first_name": "Michael",
      "last_name": "Morton",
      "contact": 68,
      "department": 7,
      "compensations": [1, 2, 3]
    }
  },
  {
    "model": "hr.employee",
    "pk": 91,
    "fields": {
      "first_name": "David",
      "last_name": "Castillo",
      "contact": 69,
      "department": 3,
      "compensations": [1, 2, 3]
    }
  },
  {
    "model": "hr.employee",
    "pk": 92,
    "fields": {
      "first_name": "Jordan",
      "last_name": "Huang",
      "contact": null,
      "department": 1,
      "compensations": [1, 2, 3]
    }
  },
  {
    "model": "hr.employee",
    "pk": 93,
    "fields": {
      "first_name": "Tiffany",
      "last_name": "Holt",
      "contact": 70,
      "department": 5,
      "compensations": [1, 2, 3]
    }
  },
  {
    "model": "hr.employee",
    "pk": 94,
    "fields": {
      "first_name": "Samantha",
      "last_name": "Crawford",
      "contact": 71,
      "department": 7,
      "compensations": [2, 3]
    }
  },
  {
    "model": "hr.employee",
    "pk": 95,
    "fields": {
      "first_name": "Emily",
      "last_name": "Freeman",
      "contact": 72,
      "department": 1,
      "compensations": [2, 3]
    }
  },
  {
    "model": "hr.employee",
    "pk": 96,
    "fields": {
      "first_name": "Michael",
      "last_name": "Murphy",
      "contact": 73,
      "department": 6,
      "compensations": [2, 3]
    }
  },
  {
    "model": "hr.employee",
    "pk": 97,
    "fields": {
      "first_name": "Steve",
      "last_name": "Gonzalez",
      "contact": 74,
      "department": 3,
      "compensations": [2, 3]
    }
  },
  {
    "model": "hr.employee",
    "pk": 98,
    "fields": {
      "first_name": "Dwayne",
      "last_name": "Williams",
      "contact": 75,
      "department": 3,
      "compensations": [1, 2, 3]
    }
  },
  {
    "model": "hr.employee",
    "pk": 99,
    "fields": {
      "first_name": "Laura",
      "last_name": "Mcdaniel",
      "contact": null,
      "department": 2,
      "compensations": [1, 2, 3]
    }
  },
  {
    "model": "hr.employee",
    "pk": 100,
    "fields": {
      "first_name": "Joseph",
      "last_name": "George",
      "contact": 76,
      "department": 7,
      "compensations": [1, 2, 3]
    }
  },
  {
    "model": "hr.employee",
    "pk": 101,
    "fields": {
      "first_name": "Tony",
      "last_name": "Jordan",
      "contact": null,
      "department": 7,
      "compensations": [1, 2, 3]
    }
  },
  {
    "model": "hr.employee",
    "pk": 102,
    "fields": {
      "first_name": "Craig",
      "last_name": "Hunter",
      "contact": 77,
      "department": 1,
      "compensations": [1, 2, 3]
    }
  },
  {
    "model": "hr.employee",
    "pk": 103,
    "fields": {
      "first_name": "Anthony",
      "last_name": "Fuentes",
      "contact": 78,
      "department": 4,
      "compensations": [1, 2, 3]
    }
  },
  {
    "model": "hr.employee",
    "pk": 104,
    "fields": {
      "first_name": "Elizabeth",
      "last_name": "Smith",
      "contact": 79,
      "department": 2,
      "compensations": [1, 2, 3]
    }
  },
  {
    "model": "hr.employee",
    "pk": 105,
    "fields": {
      "first_name": "Jose",
      "last_name": "Berger",
      "contact": 80,
      "department": 7,
      "compensations": [1, 2, 3]
    }
  },
  {
    "model": "hr.employee",
    "pk": 106,
    "fields": {
      "first_name": "Alexa",
      "last_name": "West",
      "contact": null,
      "department": 2,
      "compensations": [2, 3]
    }
  },
  {
    "model": "hr.employee",
    "pk": 107,
    "fields": {
      "first_name": "John",
      "last_name": "Carter",
      "contact": 81,
      "department": 3,
      "compensations": [1, 2, 3]
    }
  },
  {
    "model": "hr.employee",
    "pk": 108,
    "fields": {
      "first_name": "Derek",
      "last_name": "Simmons",
      "contact": 82,
      "department": 1,
      "compensations": [2, 3]
    }
  },
  {
    "model": "hr.employee",
    "pk": 109,
    "fields": {
      "first_name": "Kimberly",
      "last_name": "Duncan",
      "contact": null,
      "department": 7,
      "compensations": [2, 3]
    }
  },
  {
    "model": "hr.employee",
    "pk": 110,
    "fields": {
      "first_name": "Robert",
      "last_name": "Bond",
      "contact": 83,
      "department": 7,
      "compensations": [2, 3]
    }
  },
  {
    "model": "hr.employee",
    "pk": 111,
    "fields": {
      "first_name": "Richard",
      "last_name": "Sweeney",
      "contact": 84,
      "department": 4,
      "compensations": [1, 2, 3]
    }
  },
  {
    "model": "hr.employee",
    "pk": 112,
    "fields": {
      "first_name": "Victoria",
      "last_name": "Schneider",
      "contact": null,
      "department": 2,
      "compensations": [2, 3]
    }
  },
  {
    "model": "hr.employee",
    "pk": 113,
    "fields": {
      "first_name": "Jessica",
      "last_name": "Lewis",
      "contact": 85,
      "department": 5,
      "compensations": [1, 2, 3]
    }
  },
  {
    "model": "hr.employee",
    "pk": 114,
    "fields": {
      "first_name": "Jay",
      "last_name": "Carlson",
      "contact": 86,
      "department": 5,
      "compensations": [2, 3]
    }
  },
  {
    "model": "hr.employee",
    "pk": 115,
    "fields": {
      "first_name": "Brenda",
      "last_name": "Cannon",
      "contact": null,
      "department": 7,
      "compensations": [1, 2, 3]
    }
  },
  {
    "model": "hr.employee",
    "pk": 116,
    "fields": {
      "first_name": "Kristina",
      "last_name": "Schaefer",
      "contact": 87,
      "department": 1,
      "compensations": [1, 2, 3]
    }
  },
  {
    "model": "hr.employee",
    "pk": 117,
    "fields": {
      "first_name": "Cheryl",
      "last_name": "Anderson",
      "contact": 88,
      "department": 1,
      "compensations": [1, 2, 3]
    }
  },
  {
    "model": "hr.employee",
    "pk": 118,
    "fields": {
      "first_name": "Shannon",
      "last_name": "Perry",
      "contact": 89,
      "department": 2,
      "compensations": [2, 3]
    }
  },
  {
    "model": "hr.employee",
    "pk": 119,
    "fields": {
      "first_name": "John",
      "last_name": "Marquez",
      "contact": 90,
      "department": 7,
      "compensations": [1, 2, 3]
    }
  },
  {
    "model": "hr.employee",
    "pk": 120,
    "fields": {
      "first_name": "Natalie",
      "last_name": "Mullins",
      "contact": 91,
      "department": 4,
      "compensations": [1, 2, 3]
    }
  },
  {
    "model": "hr.employee",
    "pk": 121,
    "fields": {
      "first_name": "Taylor",
      "last_name": "Cameron",
      "contact": 92,
      "department": 1,
      "compensations": [1, 2, 3]
    }
  },
  {
    "model": "hr.employee",
    "pk": 122,
    "fields": {
      "first_name": "Maria",
      "last_name": "Johnson",
      "contact": 93,
      "department": 2,
      "compensations": [2, 3]
    }
  },
  {
    "model": "hr.employee",
    "pk": 123,
    "fields": {
      "first_name": "Brooke",
      "last_name": "Robertson",
      "contact": 94,
      "department": 2,
      "compensations": [1, 2, 3]
    }
  },
  {
    "model": "hr.employee",
    "pk": 124,
    "fields": {
      "first_name": "James",
      "last_name": "Bowen",
      "contact": 95,
      "department": 2,
      "compensations": [2, 3]
    }
  },
  {
    "model": "hr.employee",
    "pk": 125,
    "fields": {
      "first_name": "Robert",
      "last_name": "Willis",
      "contact": 96,
      "department": 6,
      "compensations": [1, 2, 3]
    }
  },
  {
    "model": "hr.employee",
    "pk": 126,
    "fields": {
      "first_name": "Debra",
      "last_name": "Webb",
      "contact": null,
      "department": 5,
      "compensations": [1, 2, 3]
    }
  },
  {
    "model": "hr.employee",
    "pk": 127,
    "fields": {
      "first_name": "Andrea",
      "last_name": "Mcintosh",
      "contact": null,
      "department": 7,
      "compensations": [1, 2, 3]
    }
  },
  {
    "model": "hr.employee",
    "pk": 128,
    "fields": {
      "first_name": "Jeanette",
      "last_name": "Hendrix",
      "contact": null,
      "department": 5,
      "compensations": [1, 2, 3]
    }
  },
  {
    "model": "hr.employee",
    "pk": 129,
    "fields": {
      "first_name": "Jimmy",
      "last_name": "Jones",
      "contact": null,
      "department": 6,
      "compensations": [1, 2, 3]
    }
  },
  {
    "model": "hr.employee",
    "pk": 130,
    "fields": {
      "first_name": "David",
      "last_name": "Ware",
      "contact": null,
      "department": 6,
      "compensations": [2, 3]
    }
  },
  {
    "model": "hr.employee",
    "pk": 131,
    "fields": {
      "first_name": "Jason",
      "last_name": "Griffin",
      "contact": 97,
      "department": 1,
      "compensations": [2, 3]
    }
  },
  {
    "model": "hr.employee",
    "pk": 132,
    "fields": {
      "first_name": "Sarah",
      "last_name": "Brown",
      "contact": null,
      "department": 6,
      "compensations": [1, 2, 3]
    }
  },
  {
    "model": "hr.employee",
    "pk": 133,
    "fields": {
      "first_name": "Joshua",
      "last_name": "Reed",
      "contact": 98,
      "department": 3,
      "compensations": [1, 2, 3]
    }
  },
  {
    "model": "hr.employee",
    "pk": 134,
    "fields": {
      "first_name": "Sonya",
      "last_name": "Parks",
      "contact": 99,
      "department": 4,
      "compensations": [1, 2, 3]
    }
  },
  {
    "model": "hr.employee",
    "pk": 135,
    "fields": {
      "first_name": "Brenda",
      "last_name": "Collins",
      "contact": 100,
      "department": 1,
      "compensations": [1, 2, 3]
    }
  },
  {
    "model": "hr.employee",
    "pk": 136,
    "fields": {
      "first_name": "Mark",
      "last_name": "Miller",
      "contact": 101,
      "department": 5,
      "compensations": [1, 2, 3]
    }
  },
  {
    "model": "hr.employee",
    "pk": 137,
    "fields": {
      "first_name": "Jeffrey",
      "last_name": "Castro",
      "contact": 102,
      "department": 7,
      "compensations": [2, 3]
    }
  },
  {
    "model": "hr.employee",
    "pk": 138,
    "fields": {
      "first_name": "Phillip",
      "last_name": "Hunt",
      "contact": 103,
      "department": 7,
      "compensations": [2, 3]
    }
  },
  {
    "model": "hr.employee",
    "pk": 139,
    "fields": {
      "first_name": "Derek",
      "last_name": "Barnett",
      "contact": 104,
      "department": 7,
      "compensations": [1, 2, 3]
    }
  },
  {
    "model": "hr.employee",
    "pk": 140,
    "fields": {
      "first_name": "Hunter",
      "last_name": "Boyd",
      "contact": 105,
      "department": 2,
      "compensations": [2, 3]
    }
  },
  {
    "model": "hr.employee",
    "pk": 141,
    "fields": {
      "first_name": "Monica",
      "last_name": "Murphy",
      "contact": 106,
      "department": 7,
      "compensations": [1, 2, 3]
    }
  },
  {
    "model": "hr.employee",
    "pk": 142,
    "fields": {
      "first_name": "Adam",
      "last_name": "Crane",
      "contact": 107,
      "department": 2,
      "compensations": [2, 3]
    }
  },
  {
    "model": "hr.employee",
    "pk": 143,
    "fields": {
      "first_name": "Andrew",
      "last_name": "Dixon",
      "contact": null,
      "department": 7,
      "compensations": [1, 2, 3]
    }
  },
  {
    "model": "hr.employee",
    "pk": 144,
    "fields": {
      "first_name": "Rebecca",
      "last_name": "Perry",
      "contact": 108,
      "department": 2,
      "compensations": [2, 3]
    }
  },
  {
    "model": "hr.employee",
    "pk": 145,
    "fields": {
      "first_name": "David",
      "last_name": "Anderson",
      "contact": 109,
      "department": 5,
      "compensations": [2, 3]
    }
  },
  {
    "model": "hr.employee",
    "pk": 146,
    "fields": {
      "first_name": "Travis",
      "last_name": "Goodwin",
      "contact": 110,
      "department": 1,
      "compensations": [1, 2, 3]
    }
  },
  {
    "model": "hr.employee",
    "pk": 147,
    "fields": {
      "first_name": "Amber",
      "last_name": "Brown",
      "contact": null,
      "department": 5,
      "compensations": [2, 3]
    }
  },
  {
    "model": "hr.employee",
    "pk": 148,
    "fields": {
      "first_name": "Kathleen",
      "last_name": "Doyle",
      "contact": 111,
      "department": 2,
      "compensations": [1, 2, 3]
    }
  },
  {
    "model": "hr.employee",
    "pk": 149,
    "fields": {
      "first_name": "Misty",
      "last_name": "Lucas",
      "contact": 112,
      "department": 6,
      "compensations": [2, 3]
    }
  },
  {
    "model": "hr.employee",
    "pk": 150,
    "fields": {
      "first_name": "Kaitlyn",
      "last_name": "Allison",
      "contact": 113,
      "department": 4,
      "compensations": [2, 3]
    }
  },
  {
    "model": "hr.employee",
    "pk": 151,
    "fields": {
      "first_name": "Crystal",
      "last_name": "Blackwell",
      "contact": null,
      "department": 3,
      "compensations": [2, 3]
    }
  },
  {
    "model": "hr.employee",
    "pk": 152,
    "fields": {
      "first_name": "Daniel",
      "last_name": "Phelps",
      "contact": null,
      "department": 3,
      "compensations": [2, 3]
    }
  },
  {
    "model": "hr.employee",
    "pk": 153,
    "fields": {
      "first_name": "Michael",
      "last_name": "Orozco",
      "contact": 114,
      "department": 4,
      "compensations": [2, 3]
    }
  },
  {
    "model": "hr.employee",
    "pk": 154,
    "fields": {
      "first_name": "Daniel",
      "last_name": "Meyer",
      "contact": 115,
      "department": 3,
      "compensations": [1, 2, 3]
    }
  },
  {
    "model": "hr.employee",
    "pk": 155,
    "fields": {
      "first_name": "Sarah",
      "last_name": "Baker",
      "contact": 116,
      "department": 3,
      "compensations": [1, 2, 3]
    }
  },
  {
    "model": "hr.employee",
    "pk": 156,
    "fields": {
      "first_name": "Aaron",
      "last_name": "Pearson",
      "contact": null,
      "department": 2,
      "compensations": [2, 3]
    }
  },
  {
    "model": "hr.employee",
    "pk": 157,
    "fields": {
      "first_name": "Larry",
      "last_name": "Campbell",
      "contact": 117,
      "department": 2,
      "compensations": [1, 2, 3]
    }
  },
  {
    "model": "hr.employee",
    "pk": 158,
    "fields": {
      "first_name": "Madeline",
      "last_name": "Klein",
      "contact": 118,
      "department": 2,
      "compensations": [2, 3]
    }
  },
  {
    "model": "hr.employee",
    "pk": 159,
    "fields": {
      "first_name": "Maria",
      "last_name": "Spencer",
      "contact": 119,
      "department": 4,
      "compensations": [2, 3]
    }
  },
  {
    "model": "hr.employee",
    "pk": 160,
    "fields": {
      "first_name": "Connie",
      "last_name": "Johnson",
      "contact": 120,
      "department": 4,
      "compensations": [2, 3]
    }
  },
  {
    "model": "hr.employee",
    "pk": 161,
    "fields": {
      "first_name": "Brett",
      "last_name": "Mitchell",
      "contact": null,
      "department": 7,
      "compensations": [1, 2, 3]
    }
  },
  {
    "model": "hr.employee",
    "pk": 162,
    "fields": {
      "first_name": "Amanda",
      "last_name": "Benson",
      "contact": null,
      "department": 5,
      "compensations": [1, 2, 3]
    }
  },
  {
    "model": "hr.employee",
    "pk": 163,
    "fields": {
      "first_name": "Adrienne",
      "last_name": "Green",
      "contact": 121,
      "department": 2,
      "compensations": [2, 3]
    }
  },
  {
    "model": "hr.employee",
    "pk": 164,
    "fields": {
      "first_name": "Amy",
      "last_name": "Lee",
      "contact": 122,
      "department": 1,
      "compensations": [1, 2, 3]
    }
  },
  {
    "model": "hr.employee",
    "pk": 165,
    "fields": {
      "first_name": "Olivia",
      "last_name": "Hoffman",
      "contact": 123,
      "department": 1,
      "compensations": [1, 2, 3]
    }
  },
  {
    "model": "hr.employee",
    "pk": 166,
    "fields": {
      "first_name": "Lee",
      "last_name": "Williams",
      "contact": 124,
      "department": 7,
      "compensations": [1, 2, 3]
    }
  },
  {
    "model": "hr.employee",
    "pk": 167,
    "fields": {
      "first_name": "Samantha",
      "last_name": "Smith",
      "contact": 125,
      "department": 2,
      "compensations": [2, 3]
    }
  },
  {
    "model": "hr.employee",
    "pk": 168,
    "fields": {
      "first_name": "Nathan",
      "last_name": "Miranda",
      "contact": 126,
      "department": 1,
      "compensations": [1, 2, 3]
    }
  },
  {
    "model": "hr.employee",
    "pk": 169,
    "fields": {
      "first_name": "Tammy",
      "last_name": "Davis",
      "contact": 127,
      "department": 5,
      "compensations": [1, 2, 3]
    }
  },
  {
    "model": "hr.employee",
    "pk": 170,
    "fields": {
      "first_name": "Michael",
      "last_name": "Cummings",
      "contact": 128,
      "department": 5,
      "compensations": [1, 2, 3]
    }
  },
  {
    "model": "hr.employee",
    "pk": 171,
    "fields": {
      "first_name": "Claudia",
      "last_name": "Aguilar",
      "contact": null,
      "department": 7,
      "compensations": [2, 3]
    }
  },
  {
    "model": "hr.employee",
    "pk": 172,
    "fields": {
      "first_name": "Andre",
      "last_name": "Perez",
      "contact": 129,
      "department": 7,
      "compensations": [1, 2, 3]
    }
  },
  {
    "model": "hr.employee",
    "pk": 173,
    "fields": {
      "first_name": "Lori",
      "last_name": "Thomas",
      "contact": 130,
      "department": 6,
      "compensations": [1, 2, 3]
    }
  },
  {
    "model": "hr.employee",
    "pk": 174,
    "fields": {
      "first_name": "Lisa",
      "last_name": "Wilson",
      "contact": 131,
      "department": 5,
      "compensations": [1, 2, 3]
    }
  },
  {
    "model": "hr.employee",
    "pk": 175,
    "fields": {
      "first_name": "Tyler",
      "last_name": "Coleman",
      "contact": 132,
      "department": 3,
      "compensations": [1, 2, 3]
    }
  },
  {
    "model": "hr.employee",
    "pk": 176,
    "fields": {
      "first_name": "Terrence",
      "last_name": "Vargas",
      "contact": 133,
      "department": 4,
      "compensations": [1, 2, 3]
    }
  },
  {
    "model": "hr.employee",
    "pk": 177,
    "fields": {
      "first_name": "Vicki",
      "last_name": "Baker",
      "contact": null,
      "department": 1,
      "compensations": [1, 2, 3]
    }
  },
  {
    "model": "hr.employee",
    "pk": 178,
    "fields": {
      "first_name": "Jessica",
      "last_name": "Jackson",
      "contact": 134,
      "department": 2,
      "compensations": [1, 2, 3]
    }
  },
  {
    "model": "hr.employee",
    "pk": 179,
    "fields": {
      "first_name": "Ann",
      "last_name": "Chang",
      "contact": 135,
      "department": 3,
      "compensations": [1, 2, 3]
    }
  },
  {
    "model": "hr.employee",
    "pk": 180,
    "fields": {
      "first_name": "David",
      "last_name": "Carter",
      "contact": null,
      "department": 4,
      "compensations": [1, 2, 3]
    }
  },
  {
    "model": "hr.employee",
    "pk": 181,
    "fields": {
      "first_name": "Timothy",
      "last_name": "Mckay",
      "contact": 136,
      "department": 7,
      "compensations": [1, 2, 3]
    }
  },
  {
    "model": "hr.employee",
    "pk": 182,
    "fields": {
      "first_name": "Kimberly",
      "last_name": "Campbell",
      "contact": 137,
      "department": 6,
      "compensations": [1, 2, 3]
    }
  },
  {
    "model": "hr.employee",
    "pk": 183,
    "fields": {
      "first_name": "Jose",
      "last_name": "Chan",
      "contact": 138,
      "department": 3,
      "compensations": [2, 3]
    }
  },
  {
    "model": "hr.employee",
    "pk": 184,
    "fields": {
      "first_name": "Drew",
      "last_name": "Gonzalez",
      "contact": 139,
      "department": 2,
      "compensations": [1, 2, 3]
    }
  },
  {
    "model": "hr.employee",
    "pk": 185,
    "fields": {
      "first_name": "Clinton",
      "last_name": "Cortez",
      "contact": 140,
      "department": 1,
      "compensations": [1, 2, 3]
    }
  },
  {
    "model": "hr.employee",
    "pk": 186,
    "fields": {
      "first_name": "Jennifer",
      "last_name": "Bender",
      "contact": 141,
      "department": 3,
      "compensations": [2, 3]
    }
  },
  {
    "model": "hr.employee",
    "pk": 187,
    "fields": {
      "first_name": "Daniel",
      "last_name": "Friedman",
      "contact": 142,
      "department": 4,
      "compensations": [1, 2, 3]
    }
  },
  {
    "model": "hr.employee",
    "pk": 188,
    "fields": {
      "first_name": "Julie",
      "last_name": "Brown",
      "contact": 143,
      "department": 2,
      "compensations": [1, 2, 3]
    }
  },
  {
    "model": "hr.employee",
    "pk": 189,
    "fields": {
      "first_name": "Nicholas",
      "last_name": "Foster",
      "contact": 144,
      "department": 7,
      "compensations": [2, 3]
    }
  },
  {
    "model": "hr.employee",
    "pk": 190,
    "fields": {
      "first_name": "Timothy",
      "last_name": "Lewis",
      "contact": 145,
      "department": 5,
      "compensations": [1, 2, 3]
    }
  },
  {
    "model": "hr.employee",
    "pk": 191,
    "fields": {
      "first_name": "Richard",
      "last_name": "Rodriguez",
      "contact": null,
      "department": 3,
      "compensations": [1, 2, 3]
    }
  },
  {
    "model": "hr.employee",
    "pk": 192,
    "fields": {
      "first_name": "Matthew",
      "last_name": "Hernandez",
      "contact": null,
      "department": 6,
      "compensations": [1, 2, 3]
    }
  },
  {
    "model": "hr.employee",
    "pk": 193,
    "fields": {
      "first_name": "Brandy",
      "last_name": "Morris",
      "contact": null,
      "department": 5,
      "compensations": [2, 3]
    }
  },
  {
    "model": "hr.employee",
    "pk": 194,
    "fields": {
      "first_name": "Dwayne",
      "last_name": "Colon",
      "contact": 146,
      "department": 3,
      "compensations": [2, 3]
    }
  },
  {
    "model": "hr.employee",
    "pk": 195,
    "fields": {
      "first_name": "Jonathan",
      "last_name": "Davis",
      "contact": 147,
      "department": 2,
      "compensations": [2, 3]
    }
  },
  {
    "model": "hr.employee",
    "pk": 196,
    "fields": {
      "first_name": "Joseph",
      "last_name": "Cooper",
      "contact": 148,
      "department": 6,
      "compensations": [1, 2, 3]
    }
  },
  {
    "model": "hr.employee",
    "pk": 197,
    "fields": {
      "first_name": "John",
      "last_name": "Hampton",
      "contact": 149,
      "department": 7,
      "compensations": [1, 2, 3]
    }
  },
  {
    "model": "hr.employee",
    "pk": 198,
    "fields": {
      "first_name": "Derek",
      "last_name": "Owens",
      "contact": 150,
      "department": 4,
      "compensations": [1, 2, 3]
    }
  },
  {
    "model": "hr.employee",
    "pk": 199,
    "fields": {
      "first_name": "Selena",
      "last_name": "Cook",
      "contact": 151,
      "department": 6,
      "compensations": [1, 2, 3]
    }
  },
  {
    "model": "hr.employee",
    "pk": 200,
    "fields": {
      "first_name": "Joseph",
      "last_name": "Caldwell",
      "contact": 152,
      "department": 7,
      "compensations": [2, 3]
    }
  },
  {
    "model": "hr.employee",
    "pk": 201,
    "fields": {
      "first_name": "Hector",
      "last_name": "Fernandez",
      "contact": null,
      "department": 6,
      "compensations": [1, 2, 3]
    }
  },
  {
    "model": "hr.employee",
    "pk": 202,
    "fields": {
      "first_name": "Kimberly",
      "last_name": "Butler",
      "contact": 153,
      "department": 3,
      "compensations": [1, 2, 3]
    }
  },
  {
    "model": "hr.employee",
    "pk": 203,
    "fields": {
      "first_name": "Karina",
      "last_name": "Wilkerson",
      "contact": 154,
      "department": 3,
      "compensations": [1, 2, 3]
    }
  },
  {
    "model": "hr.employee",
    "pk": 204,
    "fields": {
      "first_name": "Valerie",
      "last_name": "Nguyen",
      "contact": null,
      "department": 7,
      "compensations": [1, 2, 3]
    }
  },
  {
    "model": "hr.employee",
    "pk": 205,
    "fields": {
      "first_name": "Nancy",
      "last_name": "Solomon",
      "contact": 155,
      "department": 3,
      "compensations": [1, 2, 3]
    }
  },
  {
    "model": "hr.employee",
    "pk": 206,
    "fields": {
      "first_name": "Timothy",
      "last_name": "Williams",
      "contact": 156,
      "department": 6,
      "compensations": [1, 2, 3]
    }
  },
  {
    "model": "hr.employee",
    "pk": 207,
    "fields": {
      "first_name": "Carolyn",
      "last_name": "Edwards",
      "contact": 157,
      "department": 6,
      "compensations": [2, 3]
    }
  },
  {
    "model": "hr.employee",
    "pk": 208,
    "fields": {
      "first_name": "Barbara",
      "last_name": "Vincent",
      "contact": 158,
      "department": 3,
      "compensations": [2, 3]
    }
  },
  {
    "model": "hr.employee",
    "pk": 209,
    "fields": {
      "first_name": "Renee",
      "last_name": "Wright",
      "contact": 159,
      "department": 2,
      "compensations": [1, 2, 3]
    }
  },
  {
    "model": "hr.employee",
    "pk": 210,
    "fields": {
      "first_name": "David",
      "last_name": "Bauer",
      "contact": 160,
      "department": 2,
      "compensations": [1, 2, 3]
    }
  },
  {
    "model": "hr.employee",
    "pk": 211,
    "fields": {
      "first_name": "Philip",
      "last_name": "Jones",
      "contact": 161,
      "department": 6,
      "compensations": [1, 2, 3]
    }
  },
  {
    "model": "hr.employee",
    "pk": 212,
    "fields": {
      "first_name": "Jennifer",
      "last_name": "Moyer",
      "contact": 162,
      "department": 6,
      "compensations": [1, 2, 3]
    }
  },
  {
    "model": "hr.employee",
    "pk": 213,
    "fields": {
      "first_name": "Larry",
      "last_name": "Ray",
      "contact": 163,
      "department": 5,
      "compensations": [1, 2, 3]
    }
  },
  {
    "model": "hr.employee",
    "pk": 214,
    "fields": {
      "first_name": "Theresa",
      "last_name": "Bennett",
      "contact": 164,
      "department": 5,
      "compensations": [1, 2, 3]
    }
  },
  {
    "model": "hr.employee",
    "pk": 215,
    "fields": {
      "first_name": "Veronica",
      "last_name": "Blackburn",
      "contact": 165,
      "department": 4,
      "compensations": [1, 2, 3]
    }
  },
  {
    "model": "hr.employee",
    "pk": 216,
    "fields": {
      "first_name": "Thomas",
      "last_name": "Henderson",
      "contact": null,
      "department": 4,
      "compensations": [2, 3]
    }
  },
  {
    "model": "hr.employee",
    "pk": 217,
    "fields": {
      "first_name": "Melissa",
      "last_name": "Anderson",
      "contact": 166,
      "department": 5,
      "compensations": [1, 2, 3]
    }
  },
  {
    "model": "hr.employee",
    "pk": 218,
    "fields": {
      "first_name": "Sherry",
      "last_name": "Davis",
      "contact": 167,
      "department": 2,
      "compensations": [1, 2, 3]
    }
  },
  {
    "model": "hr.employee",
    "pk": 219,
    "fields": {
      "first_name": "Cheryl",
      "last_name": "Thomas",
      "contact": null,
      "department": 5,
      "compensations": [1, 2, 3]
    }
  },
  {
    "model": "hr.employee",
    "pk": 220,
    "fields": {
      "first_name": "Michael",
      "last_name": "Smith",
      "contact": 168,
      "department": 1,
      "compensations": [1, 2, 3]
    }
  },
  { "model": "hr.job", "pk": 4, "fields": { "title": "Sales Executive" } },
  { "model": "hr.job", "pk": 5, "fields": { "title": "Sales Manager" } },
  { "model": "hr.job", "pk": 6, "fields": { "title": "Sales Director" } },
  { "model": "hr.job", "pk": 7, "fields": { "title": "HR Executive" } },
  { "model": "hr.job", "pk": 8, "fields": { "title": "HR Manager" } },
  { "model": "hr.job", "pk": 9, "fields": { "title": "HR Director" } },
  { "model": "hr.job", "pk": 10, "fields": { "title": "Marketing Executive" } },
  { "model": "hr.job", "pk": 11, "fields": { "title": "Marketing Manager" } },
  { "model": "hr.job", "pk": 12, "fields": { "title": "Marketing Director" } },
  { "model": "hr.job", "pk": 13, "fields": { "title": "Finance Executive" } },
  { "model": "hr.job", "pk": 14, "fields": { "title": "Finance Manager" } },
  { "model": "hr.job", "pk": 15, "fields": { "title": "Finance Director" } },
  { "model": "hr.job", "pk": 16, "fields": { "title": "SCM Executive" } },
  { "model": "hr.job", "pk": 17, "fields": { "title": "SCM Manager" } },
  { "model": "hr.job", "pk": 18, "fields": { "title": "SCM Director" } },
  { "model": "hr.job", "pk": 19, "fields": { "title": "GA Executive" } },
  { "model": "hr.job", "pk": 20, "fields": { "title": "GA Manager" } },
  { "model": "hr.job", "pk": 21, "fields": { "title": "GA Director" } },
  { "model": "hr.job", "pk": 22, "fields": { "title": "IT Executive" } },
  { "model": "hr.job", "pk": 23, "fields": { "title": "IT Manager" } },
  { "model": "hr.job", "pk": 24, "fields": { "title": "IT Manager" } },
  {
    "model": "hr.assignment",
    "pk": 1,
    "fields": {
      "employee": 1,
      "job": 8,
      "begin_date": "2021-06-09",
      "end_date": "9999-12-31"
    }
  },
  {
    "model": "hr.assignment",
    "pk": 2,
    "fields": {
      "employee": 2,
      "job": 7,
      "begin_date": "2022-11-04",
      "end_date": "9999-12-31"
    }
  },
  {
    "model": "hr.assignment",
    "pk": 3,
    "fields": {
      "employee": 3,
      "job": 20,
      "begin_date": "2022-05-09",
      "end_date": "9999-12-31"
    }
  },
  {
    "model": "hr.assignment",
    "pk": 4,
    "fields": {
      "employee": 4,
      "job": 6,
      "begin_date": "2021-10-24",
      "end_date": "9999-12-31"
    }
  },
  {
    "model": "hr.assignment",
    "pk": 5,
    "fields": {
      "employee": 5,
      "job": 12,
      "begin_date": "2022-03-16",
      "end_date": "9999-12-31"
    }
  },
  {
    "model": "hr.assignment",
    "pk": 6,
    "fields": {
      "employee": 6,
      "job": 6,
      "begin_date": "2021-01-15",
      "end_date": "9999-12-31"
    }
  },
  {
    "model": "hr.assignment",
    "pk": 7,
    "fields": {
      "employee": 7,
      "job": 15,
      "begin_date": "2022-09-13",
      "end_date": "9999-12-31"
    }
  },
  {
    "model": "hr.assignment",
    "pk": 8,
    "fields": {
      "employee": 8,
      "job": 7,
      "begin_date": "2020-03-24",
      "end_date": "9999-12-31"
    }
  },
  {
    "model": "hr.assignment",
    "pk": 9,
    "fields": {
      "employee": 9,
      "job": 23,
      "begin_date": "2022-02-21",
      "end_date": "9999-12-31"
    }
  },
  {
    "model": "hr.assignment",
    "pk": 10,
    "fields": {
      "employee": 10,
      "job": 5,
      "begin_date": "2020-09-04",
      "end_date": "9999-12-31"
    }
  },
  {
    "model": "hr.assignment",
    "pk": 11,
    "fields": {
      "employee": 11,
      "job": 7,
      "begin_date": "2021-01-18",
      "end_date": "9999-12-31"
    }
  },
  {
    "model": "hr.assignment",
    "pk": 12,
    "fields": {
      "employee": 12,
      "job": 14,
      "begin_date": "2022-01-19",
      "end_date": "9999-12-31"
    }
  },
  {
    "model": "hr.assignment",
    "pk": 13,
    "fields": {
      "employee": 13,
      "job": 5,
      "begin_date": "2021-01-19",
      "end_date": "9999-12-31"
    }
  },
  {
    "model": "hr.assignment",
    "pk": 14,
    "fields": {
      "employee": 14,
      "job": 21,
      "begin_date": "2022-03-05",
      "end_date": "9999-12-31"
    }
  },
  {
    "model": "hr.assignment",
    "pk": 15,
    "fields": {
      "employee": 15,
      "job": 15,
      "begin_date": "2020-05-05",
      "end_date": "9999-12-31"
    }
  },
  {
    "model": "hr.assignment",
    "pk": 16,
    "fields": {
      "employee": 16,
      "job": 20,
      "begin_date": "2020-11-14",
      "end_date": "9999-12-31"
    }
  },
  {
    "model": "hr.assignment",
    "pk": 17,
    "fields": {
      "employee": 17,
      "job": 23,
      "begin_date": "2021-07-27",
      "end_date": "9999-12-31"
    }
  },
  {
    "model": "hr.assignment",
    "pk": 18,
    "fields": {
      "employee": 18,
      "job": 16,
      "begin_date": "2020-03-25",
      "end_date": "9999-12-31"
    }
  },
  {
    "model": "hr.assignment",
    "pk": 19,
    "fields": {
      "employee": 19,
      "job": 17,
      "begin_date": "2020-08-24",
      "end_date": "9999-12-31"
    }
  },
  {
    "model": "hr.assignment",
    "pk": 20,
    "fields": {
      "employee": 20,
      "job": 19,
      "begin_date": "2020-04-03",
      "end_date": "9999-12-31"
    }
  },
  {
    "model": "hr.assignment",
    "pk": 21,
    "fields": {
      "employee": 21,
      "job": 24,
      "begin_date": "2022-11-05",
      "end_date": "9999-12-31"
    }
  },
  {
    "model": "hr.assignment",
    "pk": 22,
    "fields": {
      "employee": 22,
      "job": 4,
      "begin_date": "2021-12-16",
      "end_date": "9999-12-31"
    }
  },
  {
    "model": "hr.assignment",
    "pk": 23,
    "fields": {
      "employee": 23,
      "job": 5,
      "begin_date": "2021-01-04",
      "end_date": "9999-12-31"
    }
  },
  {
    "model": "hr.assignment",
    "pk": 24,
    "fields": {
      "employee": 24,
      "job": 23,
      "begin_date": "2021-09-04",
      "end_date": "9999-12-31"
    }
  },
  {
    "model": "hr.assignment",
    "pk": 25,
    "fields": {
      "employee": 25,
      "job": 24,
      "begin_date": "2021-01-11",
      "end_date": "9999-12-31"
    }
  },
  {
    "model": "hr.assignment",
    "pk": 26,
    "fields": {
      "employee": 26,
      "job": 10,
      "begin_date": "2020-01-25",
      "end_date": "9999-12-31"
    }
  },
  {
    "model": "hr.assignment",
    "pk": 27,
    "fields": {
      "employee": 27,
      "job": 23,
      "begin_date": "2020-07-27",
      "end_date": "9999-12-31"
    }
  },
  {
    "model": "hr.assignment",
    "pk": 28,
    "fields": {
      "employee": 28,
      "job": 22,
      "begin_date": "2022-05-18",
      "end_date": "9999-12-31"
    }
  },
  {
    "model": "hr.assignment",
    "pk": 29,
    "fields": {
      "employee": 29,
      "job": 5,
      "begin_date": "2020-06-08",
      "end_date": "9999-12-31"
    }
  },
  {
    "model": "hr.assignment",
    "pk": 30,
    "fields": {
      "employee": 30,
      "job": 21,
      "begin_date": "2022-05-06",
      "end_date": "9999-12-31"
    }
  },
  {
    "model": "hr.assignment",
    "pk": 31,
    "fields": {
      "employee": 31,
      "job": 17,
      "begin_date": "2021-03-23",
      "end_date": "9999-12-31"
    }
  },
  {
    "model": "hr.assignment",
    "pk": 32,
    "fields": {
      "employee": 32,
      "job": 23,
      "begin_date": "2020-10-25",
      "end_date": "9999-12-31"
    }
  },
  {
    "model": "hr.assignment",
    "pk": 33,
    "fields": {
      "employee": 33,
      "job": 7,
      "begin_date": "2022-11-15",
      "end_date": "9999-12-31"
    }
  },
  {
    "model": "hr.assignment",
    "pk": 34,
    "fields": {
      "employee": 34,
      "job": 4,
      "begin_date": "2020-06-11",
      "end_date": "9999-12-31"
    }
  },
  {
    "model": "hr.assignment",
    "pk": 35,
    "fields": {
      "employee": 35,
      "job": 6,
      "begin_date": "2021-09-18",
      "end_date": "9999-12-31"
    }
  },
  {
    "model": "hr.assignment",
    "pk": 36,
    "fields": {
      "employee": 36,
      "job": 18,
      "begin_date": "2020-12-10",
      "end_date": "9999-12-31"
    }
  },
  {
    "model": "hr.assignment",
    "pk": 37,
    "fields": {
      "employee": 37,
      "job": 19,
      "begin_date": "2020-06-18",
      "end_date": "9999-12-31"
    }
  },
  {
    "model": "hr.assignment",
    "pk": 38,
    "fields": {
      "employee": 38,
      "job": 19,
      "begin_date": "2021-11-23",
      "end_date": "9999-12-31"
    }
  },
  {
    "model": "hr.assignment",
    "pk": 39,
    "fields": {
      "employee": 39,
      "job": 9,
      "begin_date": "2021-11-03",
      "end_date": "9999-12-31"
    }
  },
  {
    "model": "hr.assignment",
    "pk": 40,
    "fields": {
      "employee": 40,
      "job": 5,
      "begin_date": "2020-08-04",
      "end_date": "9999-12-31"
    }
  },
  {
    "model": "hr.assignment",
    "pk": 41,
    "fields": {
      "employee": 41,
      "job": 18,
      "begin_date": "2021-02-25",
      "end_date": "9999-12-31"
    }
  },
  {
    "model": "hr.assignment",
    "pk": 42,
    "fields": {
      "employee": 42,
      "job": 4,
      "begin_date": "2021-12-21",
      "end_date": "9999-12-31"
    }
  },
  {
    "model": "hr.assignment",
    "pk": 43,
    "fields": {
      "employee": 43,
      "job": 23,
      "begin_date": "2020-03-17",
      "end_date": "9999-12-31"
    }
  },
  {
    "model": "hr.assignment",
    "pk": 44,
    "fields": {
      "employee": 44,
      "job": 7,
      "begin_date": "2020-08-25",
      "end_date": "9999-12-31"
    }
  },
  {
    "model": "hr.assignment",
    "pk": 45,
    "fields": {
      "employee": 45,
      "job": 10,
      "begin_date": "2020-09-17",
      "end_date": "9999-12-31"
    }
  },
  {
    "model": "hr.assignment",
    "pk": 46,
    "fields": {
      "employee": 46,
      "job": 4,
      "begin_date": "2022-09-17",
      "end_date": "9999-12-31"
    }
  },
  {
    "model": "hr.assignment",
    "pk": 47,
    "fields": {
      "employee": 47,
      "job": 4,
      "begin_date": "2020-04-13",
      "end_date": "9999-12-31"
    }
  },
  {
    "model": "hr.assignment",
    "pk": 48,
    "fields": {
      "employee": 48,
      "job": 15,
      "begin_date": "2022-02-02",
      "end_date": "9999-12-31"
    }
  },
  {
    "model": "hr.assignment",
    "pk": 49,
    "fields": {
      "employee": 49,
      "job": 10,
      "begin_date": "2022-04-12",
      "end_date": "9999-12-31"
    }
  },
  {
    "model": "hr.assignment",
    "pk": 50,
    "fields": {
      "employee": 50,
      "job": 11,
      "begin_date": "2022-11-08",
      "end_date": "9999-12-31"
    }
  },
  {
    "model": "hr.assignment",
    "pk": 51,
    "fields": {
      "employee": 51,
      "job": 12,
      "begin_date": "2020-04-13",
      "end_date": "9999-12-31"
    }
  },
  {
    "model": "hr.assignment",
    "pk": 52,
    "fields": {
      "employee": 52,
      "job": 10,
      "begin_date": "2020-11-28",
      "end_date": "9999-12-31"
    }
  },
  {
    "model": "hr.assignment",
    "pk": 53,
    "fields": {
      "employee": 53,
      "job": 9,
      "begin_date": "2022-06-27",
      "end_date": "9999-12-31"
    }
  },
  {
    "model": "hr.assignment",
    "pk": 54,
    "fields": {
      "employee": 54,
      "job": 17,
      "begin_date": "2021-11-20",
      "end_date": "9999-12-31"
    }
  },
  {
    "model": "hr.assignment",
    "pk": 55,
    "fields": {
      "employee": 55,
      "job": 6,
      "begin_date": "2020-09-24",
      "end_date": "9999-12-31"
    }
  },
  {
    "model": "hr.assignment",
    "pk": 56,
    "fields": {
      "employee": 56,
      "job": 24,
      "begin_date": "2020-04-27",
      "end_date": "9999-12-31"
    }
  },
  {
    "model": "hr.assignment",
    "pk": 57,
    "fields": {
      "employee": 57,
      "job": 20,
      "begin_date": "2022-08-21",
      "end_date": "9999-12-31"
    }
  },
  {
    "model": "hr.assignment",
    "pk": 58,
    "fields": {
      "employee": 58,
      "job": 18,
      "begin_date": "2021-12-07",
      "end_date": "9999-12-31"
    }
  },
  {
    "model": "hr.assignment",
    "pk": 59,
    "fields": {
      "employee": 59,
      "job": 14,
      "begin_date": "2022-09-24",
      "end_date": "9999-12-31"
    }
  },
  {
    "model": "hr.assignment",
    "pk": 60,
    "fields": {
      "employee": 60,
      "job": 16,
      "begin_date": "2020-01-25",
      "end_date": "9999-12-31"
    }
  },
  {
    "model": "hr.assignment",
    "pk": 61,
    "fields": {
      "employee": 61,
      "job": 22,
      "begin_date": "2020-07-24",
      "end_date": "9999-12-31"
    }
  },
  {
    "model": "hr.assignment",
    "pk": 62,
    "fields": {
      "employee": 62,
      "job": 7,
      "begin_date": "2022-10-23",
      "end_date": "9999-12-31"
    }
  },
  {
    "model": "hr.assignment",
    "pk": 63,
    "fields": {
      "employee": 63,
      "job": 6,
      "begin_date": "2020-11-02",
      "end_date": "9999-12-31"
    }
  },
  {
    "model": "hr.assignment",
    "pk": 64,
    "fields": {
      "employee": 64,
      "job": 19,
      "begin_date": "2021-04-12",
      "end_date": "9999-12-31"
    }
  },
  {
    "model": "hr.assignment",
    "pk": 65,
    "fields": {
      "employee": 65,
      "job": 22,
      "begin_date": "2022-03-21",
      "end_date": "9999-12-31"
    }
  },
  {
    "model": "hr.assignment",
    "pk": 66,
    "fields": {
      "employee": 66,
      "job": 13,
      "begin_date": "2021-08-09",
      "end_date": "9999-12-31"
    }
  },
  {
    "model": "hr.assignment",
    "pk": 67,
    "fields": {
      "employee": 67,
      "job": 14,
      "begin_date": "2022-12-10",
      "end_date": "9999-12-31"
    }
  },
  {
    "model": "hr.assignment",
    "pk": 68,
    "fields": {
      "employee": 68,
      "job": 6,
      "begin_date": "2022-03-07",
      "end_date": "9999-12-31"
    }
  },
  {
    "model": "hr.assignment",
    "pk": 69,
    "fields": {
      "employee": 69,
      "job": 16,
      "begin_date": "2022-09-18",
      "end_date": "9999-12-31"
    }
  },
  {
    "model": "hr.assignment",
    "pk": 70,
    "fields": {
      "employee": 70,
      "job": 21,
      "begin_date": "2020-07-11",
      "end_date": "9999-12-31"
    }
  },
  {
    "model": "hr.assignment",
    "pk": 71,
    "fields": {
      "employee": 71,
      "job": 16,
      "begin_date": "2020-07-09",
      "end_date": "9999-12-31"
    }
  },
  {
    "model": "hr.assignment",
    "pk": 72,
    "fields": {
      "employee": 72,
      "job": 7,
      "begin_date": "2022-11-02",
      "end_date": "9999-12-31"
    }
  },
  {
    "model": "hr.assignment",
    "pk": 73,
    "fields": {
      "employee": 73,
      "job": 23,
      "begin_date": "2020-07-11",
      "end_date": "9999-12-31"
    }
  },
  {
    "model": "hr.assignment",
    "pk": 74,
    "fields": {
      "employee": 74,
      "job": 20,
      "begin_date": "2022-02-25",
      "end_date": "9999-12-31"
    }
  },
  {
    "model": "hr.assignment",
    "pk": 75,
    "fields": {
      "employee": 75,
      "job": 22,
      "begin_date": "2021-04-04",
      "end_date": "9999-12-31"
    }
  },
  {
    "model": "hr.assignment",
    "pk": 76,
    "fields": {
      "employee": 76,
      "job": 13,
      "begin_date": "2022-10-21",
      "end_date": "9999-12-31"
    }
  },
  {
    "model": "hr.assignment",
    "pk": 77,
    "fields": {
      "employee": 77,
      "job": 10,
      "begin_date": "2021-03-19",
      "end_date": "9999-12-31"
    }
  },
  {
    "model": "hr.assignment",
    "pk": 78,
    "fields": {
      "employee": 78,
      "job": 16,
      "begin_date": "2020-03-24",
      "end_date": "9999-12-31"
    }
  },
  {
    "model": "hr.assignment",
    "pk": 79,
    "fields": {
      "employee": 79,
      "job": 21,
      "begin_date": "2022-04-11",
      "end_date": "9999-12-31"
    }
  },
  {
    "model": "hr.assignment",
    "pk": 80,
    "fields": {
      "employee": 80,
      "job": 11,
      "begin_date": "2020-02-20",
      "end_date": "9999-12-31"
    }
  },
  {
    "model": "hr.assignment",
    "pk": 81,
    "fields": {
      "employee": 81,
      "job": 18,
      "begin_date": "2020-08-19",
      "end_date": "9999-12-31"
    }
  },
  {
    "model": "hr.assignment",
    "pk": 82,
    "fields": {
      "employee": 82,
      "job": 17,
      "begin_date": "2020-05-23",
      "end_date": "9999-12-31"
    }
  },
  {
    "model": "hr.assignment",
    "pk": 83,
    "fields": {
      "employee": 83,
      "job": 15,
      "begin_date": "2022-11-15",
      "end_date": "9999-12-31"
    }
  },
  {
    "model": "hr.assignment",
    "pk": 84,
    "fields": {
      "employee": 84,
      "job": 17,
      "begin_date": "2021-01-12",
      "end_date": "9999-12-31"
    }
  },
  {
    "model": "hr.assignment",
    "pk": 85,
    "fields": {
      "employee": 85,
      "job": 21,
      "begin_date": "2022-11-26",
      "end_date": "9999-12-31"
    }
  },
  {
    "model": "hr.assignment",
    "pk": 86,
    "fields": {
      "employee": 86,
      "job": 16,
      "begin_date": "2022-06-03",
      "end_date": "9999-12-31"
    }
  },
  {
    "model": "hr.assignment",
    "pk": 87,
    "fields": {
      "employee": 87,
      "job": 21,
      "begin_date": "2022-12-10",
      "end_date": "9999-12-31"
    }
  },
  {
    "model": "hr.assignment",
    "pk": 88,
    "fields": {
      "employee": 88,
      "job": 14,
      "begin_date": "2020-04-18",
      "end_date": "9999-12-31"
    }
  },
  {
    "model": "hr.assignment",
    "pk": 89,
    "fields": {
      "employee": 89,
      "job": 13,
      "begin_date": "2022-01-01",
      "end_date": "9999-12-31"
    }
  },
  {
    "model": "hr.assignment",
    "pk": 90,
    "fields": {
      "employee": 90,
      "job": 9,
      "begin_date": "2020-10-17",
      "end_date": "9999-12-31"
    }
  },
  {
    "model": "hr.assignment",
    "pk": 91,
    "fields": {
      "employee": 91,
      "job": 12,
      "begin_date": "2021-02-09",
      "end_date": "9999-12-31"
    }
  },
  {
    "model": "hr.assignment",
    "pk": 92,
    "fields": {
      "employee": 92,
      "job": 23,
      "begin_date": "2022-09-15",
      "end_date": "9999-12-31"
    }
  },
  {
    "model": "hr.assignment",
    "pk": 93,
    "fields": {
      "employee": 93,
      "job": 15,
      "begin_date": "2021-09-04",
      "end_date": "9999-12-31"
    }
  },
  {
    "model": "hr.assignment",
    "pk": 94,
    "fields": {
      "employee": 94,
      "job": 7,
      "begin_date": "2020-09-11",
      "end_date": "9999-12-31"
    }
  },
  {
    "model": "hr.assignment",
    "pk": 95,
    "fields": {
      "employee": 95,
      "job": 22,
      "begin_date": "2022-10-27",
      "end_date": "9999-12-31"
    }
  },
  {
    "model": "hr.assignment",
    "pk": 96,
    "fields": {
      "employee": 96,
      "job": 19,
      "begin_date": "2022-03-10",
      "end_date": "9999-12-31"
    }
  },
  {
    "model": "hr.assignment",
    "pk": 97,
    "fields": {
      "employee": 97,
      "job": 10,
      "begin_date": "2021-10-18",
      "end_date": "9999-12-31"
    }
  },
  {
    "model": "hr.assignment",
    "pk": 98,
    "fields": {
      "employee": 98,
      "job": 12,
      "begin_date": "2021-06-23",
      "end_date": "9999-12-31"
    }
  },
  {
    "model": "hr.assignment",
    "pk": 99,
    "fields": {
      "employee": 99,
      "job": 6,
      "begin_date": "2022-04-08",
      "end_date": "9999-12-31"
    }
  },
  {
    "model": "hr.assignment",
    "pk": 100,
    "fields": {
      "employee": 100,
      "job": 9,
      "begin_date": "2022-04-18",
      "end_date": "9999-12-31"
    }
  },
  {
    "model": "hr.assignment",
    "pk": 101,
    "fields": {
      "employee": 101,
      "job": 9,
      "begin_date": "2021-10-21",
      "end_date": "9999-12-31"
    }
  },
  {
    "model": "hr.assignment",
    "pk": 102,
    "fields": {
      "employee": 102,
      "job": 24,
      "begin_date": "2020-05-25",
      "end_date": "9999-12-31"
    }
  },
  {
    "model": "hr.assignment",
    "pk": 103,
    "fields": {
      "employee": 103,
      "job": 18,
      "begin_date": "2020-11-21",
      "end_date": "9999-12-31"
    }
  },
  {
    "model": "hr.assignment",
    "pk": 104,
    "fields": {
      "employee": 104,
      "job": 5,
      "begin_date": "2022-11-15",
      "end_date": "9999-12-31"
    }
  },
  {
    "model": "hr.assignment",
    "pk": 105,
    "fields": {
      "employee": 105,
      "job": 8,
      "begin_date": "2022-09-20",
      "end_date": "9999-12-31"
    }
  },
  {
    "model": "hr.assignment",
    "pk": 106,
    "fields": {
      "employee": 106,
      "job": 4,
      "begin_date": "2020-03-12",
      "end_date": "9999-12-31"
    }
  },
  {
    "model": "hr.assignment",
    "pk": 107,
    "fields": {
      "employee": 107,
      "job": 11,
      "begin_date": "2022-05-03",
      "end_date": "9999-12-31"
    }
  },
  {
    "model": "hr.assignment",
    "pk": 108,
    "fields": {
      "employee": 108,
      "job": 22,
      "begin_date": "2022-12-11",
      "end_date": "9999-12-31"
    }
  },
  {
    "model": "hr.assignment",
    "pk": 109,
    "fields": {
      "employee": 109,
      "job": 7,
      "begin_date": "2022-09-23",
      "end_date": "9999-12-31"
    }
  },
  {
    "model": "hr.assignment",
    "pk": 110,
    "fields": {
      "employee": 110,
      "job": 7,
      "begin_date": "2021-08-22",
      "end_date": "9999-12-31"
    }
  },
  {
    "model": "hr.assignment",
    "pk": 111,
    "fields": {
      "employee": 111,
      "job": 17,
      "begin_date": "2020-11-28",
      "end_date": "9999-12-31"
    }
  },
  {
    "model": "hr.assignment",
    "pk": 112,
    "fields": {
      "employee": 112,
      "job": 4,
      "begin_date": "2021-01-05",
      "end_date": "9999-12-31"
    }
  },
  {
    "model": "hr.assignment",
    "pk": 113,
    "fields": {
      "employee": 113,
      "job": 14,
      "begin_date": "2020-01-11",
      "end_date": "9999-12-31"
    }
  },
  {
    "model": "hr.assignment",
    "pk": 114,
    "fields": {
      "employee": 114,
      "job": 13,
      "begin_date": "2020-06-24",
      "end_date": "9999-12-31"
    }
  },
  {
    "model": "hr.assignment",
    "pk": 115,
    "fields": {
      "employee": 115,
      "job": 9,
      "begin_date": "2020-12-08",
      "end_date": "9999-12-31"
    }
  },
  {
    "model": "hr.assignment",
    "pk": 116,
    "fields": {
      "employee": 116,
      "job": 23,
      "begin_date": "2021-09-04",
      "end_date": "9999-12-31"
    }
  },
  {
    "model": "hr.assignment",
    "pk": 117,
    "fields": {
      "employee": 117,
      "job": 23,
      "begin_date": "2020-05-03",
      "end_date": "9999-12-31"
    }
  },
  {
    "model": "hr.assignment",
    "pk": 118,
    "fields": {
      "employee": 118,
      "job": 4,
      "begin_date": "2020-06-16",
      "end_date": "9999-12-31"
    }
  },
  {
    "model": "hr.assignment",
    "pk": 119,
    "fields": {
      "employee": 119,
      "job": 9,
      "begin_date": "2022-02-02",
      "end_date": "9999-12-31"
    }
  },
  {
    "model": "hr.assignment",
    "pk": 120,
    "fields": {
      "employee": 120,
      "job": 17,
      "begin_date": "2022-06-16",
      "end_date": "9999-12-31"
    }
  },
  {
    "model": "hr.assignment",
    "pk": 121,
    "fields": {
      "employee": 121,
      "job": 23,
      "begin_date": "2022-07-07",
      "end_date": "9999-12-31"
    }
  },
  {
    "model": "hr.assignment",
    "pk": 122,
    "fields": {
      "employee": 122,
      "job": 4,
      "begin_date": "2021-08-27",
      "end_date": "9999-12-31"
    }
  },
  {
    "model": "hr.assignment",
    "pk": 123,
    "fields": {
      "employee": 123,
      "job": 5,
      "begin_date": "2022-09-06",
      "end_date": "9999-12-31"
    }
  },
  {
    "model": "hr.assignment",
    "pk": 124,
    "fields": {
      "employee": 124,
      "job": 4,
      "begin_date": "2020-01-06",
      "end_date": "9999-12-31"
    }
  },
  {
    "model": "hr.assignment",
    "pk": 125,
    "fields": {
      "employee": 125,
      "job": 21,
      "begin_date": "2020-09-02",
      "end_date": "9999-12-31"
    }
  },
  {
    "model": "hr.assignment",
    "pk": 126,
    "fields": {
      "employee": 126,
      "job": 15,
      "begin_date": "2022-05-01",
      "end_date": "9999-12-31"
    }
  },
  {
    "model": "hr.assignment",
    "pk": 127,
    "fields": {
      "employee": 127,
      "job": 9,
      "begin_date": "2022-08-15",
      "end_date": "9999-12-31"
    }
  },
  {
    "model": "hr.assignment",
    "pk": 128,
    "fields": {
      "employee": 128,
      "job": 15,
      "begin_date": "2022-08-12",
      "end_date": "9999-12-31"
    }
  },
  {
    "model": "hr.assignment",
    "pk": 129,
    "fields": {
      "employee": 129,
      "job": 21,
      "begin_date": "2021-03-11",
      "end_date": "9999-12-31"
    }
  },
  {
    "model": "hr.assignment",
    "pk": 130,
    "fields": {
      "employee": 130,
      "job": 19,
      "begin_date": "2021-02-08",
      "end_date": "9999-12-31"
    }
  },
  {
    "model": "hr.assignment",
    "pk": 131,
    "fields": {
      "employee": 131,
      "job": 22,
      "begin_date": "2020-05-17",
      "end_date": "9999-12-31"
    }
  },
  {
    "model": "hr.assignment",
    "pk": 132,
    "fields": {
      "employee": 132,
      "job": 20,
      "begin_date": "2020-02-25",
      "end_date": "9999-12-31"
    }
  },
  {
    "model": "hr.assignment",
    "pk": 133,
    "fields": {
      "employee": 133,
      "job": 12,
      "begin_date": "2021-09-20",
      "end_date": "9999-12-31"
    }
  },
  {
    "model": "hr.assignment",
    "pk": 134,
    "fields": {
      "employee": 134,
      "job": 17,
      "begin_date": "2021-02-15",
      "end_date": "9999-12-31"
    }
  },
  {
    "model": "hr.assignment",
    "pk": 135,
    "fields": {
      "employee": 135,
      "job": 23,
      "begin_date": "2022-09-27",
      "end_date": "9999-12-31"
    }
  },
  {
    "model": "hr.assignment",
    "pk": 136,
    "fields": {
      "employee": 136,
      "job": 15,
      "begin_date": "2021-06-19",
      "end_date": "9999-12-31"
    }
  },
  {
    "model": "hr.assignment",
    "pk": 137,
    "fields": {
      "employee": 137,
      "job": 7,
      "begin_date": "2020-03-09",
      "end_date": "9999-12-31"
    }
  },
  {
    "model": "hr.assignment",
    "pk": 138,
    "fields": {
      "employee": 138,
      "job": 7,
      "begin_date": "2022-04-22",
      "end_date": "9999-12-31"
    }
  },
  {
    "model": "hr.assignment",
    "pk": 139,
    "fields": {
      "employee": 139,
      "job": 8,
      "begin_date": "2021-12-24",
      "end_date": "9999-12-31"
    }
  },
  {
    "model": "hr.assignment",
    "pk": 140,
    "fields": {
      "employee": 140,
      "job": 4,
      "begin_date": "2021-10-09",
      "end_date": "9999-12-31"
    }
  },
  {
    "model": "hr.assignment",
    "pk": 141,
    "fields": {
      "employee": 141,
      "job": 9,
      "begin_date": "2021-07-12",
      "end_date": "9999-12-31"
    }
  },
  {
    "model": "hr.assignment",
    "pk": 142,
    "fields": {
      "employee": 142,
      "job": 4,
      "begin_date": "2020-07-04",
      "end_date": "9999-12-31"
    }
  },
  {
    "model": "hr.assignment",
    "pk": 143,
    "fields": {
      "employee": 143,
      "job": 8,
      "begin_date": "2021-05-27",
      "end_date": "9999-12-31"
    }
  },
  {
    "model": "hr.assignment",
    "pk": 144,
    "fields": {
      "employee": 144,
      "job": 4,
      "begin_date": "2020-06-08",
      "end_date": "9999-12-31"
    }
  },
  {
    "model": "hr.assignment",
    "pk": 145,
    "fields": {
      "employee": 145,
      "job": 13,
      "begin_date": "2020-06-03",
      "end_date": "9999-12-31"
    }
  },
  {
    "model": "hr.assignment",
    "pk": 146,
    "fields": {
      "employee": 146,
      "job": 24,
      "begin_date": "2022-06-10",
      "end_date": "9999-12-31"
    }
  },
  {
    "model": "hr.assignment",
    "pk": 147,
    "fields": {
      "employee": 147,
      "job": 13,
      "begin_date": "2022-10-15",
      "end_date": "9999-12-31"
    }
  },
  {
    "model": "hr.assignment",
    "pk": 148,
    "fields": {
      "employee": 148,
      "job": 5,
      "begin_date": "2021-06-07",
      "end_date": "9999-12-31"
    }
  },
  {
    "model": "hr.assignment",
    "pk": 149,
    "fields": {
      "employee": 149,
      "job": 19,
      "begin_date": "2022-05-17",
      "end_date": "9999-12-31"
    }
  },
  {
    "model": "hr.assignment",
    "pk": 150,
    "fields": {
      "employee": 150,
      "job": 16,
      "begin_date": "2021-10-03",
      "end_date": "9999-12-31"
    }
  },
  {
    "model": "hr.assignment",
    "pk": 151,
    "fields": {
      "employee": 151,
      "job": 10,
      "begin_date": "2022-08-07",
      "end_date": "9999-12-31"
    }
  },
  {
    "model": "hr.assignment",
    "pk": 152,
    "fields": {
      "employee": 152,
      "job": 10,
      "begin_date": "2021-08-21",
      "end_date": "9999-12-31"
    }
  },
  {
    "model": "hr.assignment",
    "pk": 153,
    "fields": {
      "employee": 153,
      "job": 16,
      "begin_date": "2022-12-09",
      "end_date": "9999-12-31"
    }
  },
  {
    "model": "hr.assignment",
    "pk": 154,
    "fields": {
      "employee": 154,
      "job": 11,
      "begin_date": "2022-03-12",
      "end_date": "9999-12-31"
    }
  },
  {
    "model": "hr.assignment",
    "pk": 155,
    "fields": {
      "employee": 155,
      "job": 12,
      "begin_date": "2020-04-14",
      "end_date": "9999-12-31"
    }
  },
  {
    "model": "hr.assignment",
    "pk": 156,
    "fields": {
      "employee": 156,
      "job": 4,
      "begin_date": "2022-01-15",
      "end_date": "9999-12-31"
    }
  },
  {
    "model": "hr.assignment",
    "pk": 157,
    "fields": {
      "employee": 157,
      "job": 6,
      "begin_date": "2022-06-05",
      "end_date": "9999-12-31"
    }
  },
  {
    "model": "hr.assignment",
    "pk": 158,
    "fields": {
      "employee": 158,
      "job": 4,
      "begin_date": "2020-02-17",
      "end_date": "9999-12-31"
    }
  },
  {
    "model": "hr.assignment",
    "pk": 159,
    "fields": {
      "employee": 159,
      "job": 16,
      "begin_date": "2022-09-25",
      "end_date": "9999-12-31"
    }
  },
  {
    "model": "hr.assignment",
    "pk": 160,
    "fields": {
      "employee": 160,
      "job": 16,
      "begin_date": "2020-10-10",
      "end_date": "9999-12-31"
    }
  },
  {
    "model": "hr.assignment",
    "pk": 161,
    "fields": {
      "employee": 161,
      "job": 9,
      "begin_date": "2022-01-20",
      "end_date": "9999-12-31"
    }
  },
  {
    "model": "hr.assignment",
    "pk": 162,
    "fields": {
      "employee": 162,
      "job": 14,
      "begin_date": "2021-06-22",
      "end_date": "9999-12-31"
    }
  },
  {
    "model": "hr.assignment",
    "pk": 163,
    "fields": {
      "employee": 163,
      "job": 4,
      "begin_date": "2020-08-18",
      "end_date": "9999-12-31"
    }
  },
  {
    "model": "hr.assignment",
    "pk": 164,
    "fields": {
      "employee": 164,
      "job": 23,
      "begin_date": "2022-08-18",
      "end_date": "9999-12-31"
    }
  },
  {
    "model": "hr.assignment",
    "pk": 165,
    "fields": {
      "employee": 165,
      "job": 23,
      "begin_date": "2021-11-05",
      "end_date": "9999-12-31"
    }
  },
  {
    "model": "hr.assignment",
    "pk": 166,
    "fields": {
      "employee": 166,
      "job": 9,
      "begin_date": "2022-04-15",
      "end_date": "9999-12-31"
    }
  },
  {
    "model": "hr.assignment",
    "pk": 167,
    "fields": {
      "employee": 167,
      "job": 4,
      "begin_date": "2021-02-17",
      "end_date": "9999-12-31"
    }
  },
  {
    "model": "hr.assignment",
    "pk": 168,
    "fields": {
      "employee": 168,
      "job": 23,
      "begin_date": "2021-09-12",
      "end_date": "9999-12-31"
    }
  },
  {
    "model": "hr.assignment",
    "pk": 169,
    "fields": {
      "employee": 169,
      "job": 15,
      "begin_date": "2021-06-28",
      "end_date": "9999-12-31"
    }
  },
  {
    "model": "hr.assignment",
    "pk": 170,
    "fields": {
      "employee": 170,
      "job": 14,
      "begin_date": "2020-11-20",
      "end_date": "9999-12-31"
    }
  },
  {
    "model": "hr.assignment",
    "pk": 171,
    "fields": {
      "employee": 171,
      "job": 7,
      "begin_date": "2022-07-10",
      "end_date": "9999-12-31"
    }
  },
  {
    "model": "hr.assignment",
    "pk": 172,
    "fields": {
      "employee": 172,
      "job": 9,
      "begin_date": "2022-12-15",
      "end_date": "9999-12-31"
    }
  },
  {
    "model": "hr.assignment",
    "pk": 173,
    "fields": {
      "employee": 173,
      "job": 20,
      "begin_date": "2020-08-21",
      "end_date": "9999-12-31"
    }
  },
  {
    "model": "hr.assignment",
    "pk": 174,
    "fields": {
      "employee": 174,
      "job": 15,
      "begin_date": "2020-05-03",
      "end_date": "9999-12-31"
    }
  },
  {
    "model": "hr.assignment",
    "pk": 175,
    "fields": {
      "employee": 175,
      "job": 12,
      "begin_date": "2020-06-26",
      "end_date": "9999-12-31"
    }
  },
  {
    "model": "hr.assignment",
    "pk": 176,
    "fields": {
      "employee": 176,
      "job": 17,
      "begin_date": "2021-08-12",
      "end_date": "9999-12-31"
    }
  },
  {
    "model": "hr.assignment",
    "pk": 177,
    "fields": {
      "employee": 177,
      "job": 24,
      "begin_date": "2020-09-18",
      "end_date": "9999-12-31"
    }
  },
  {
    "model": "hr.assignment",
    "pk": 178,
    "fields": {
      "employee": 178,
      "job": 5,
      "begin_date": "2021-04-12",
      "end_date": "9999-12-31"
    }
  },
  {
    "model": "hr.assignment",
    "pk": 179,
    "fields": {
      "employee": 179,
      "job": 11,
      "begin_date": "2020-02-09",
      "end_date": "9999-12-31"
    }
  },
  {
    "model": "hr.assignment",
    "pk": 180,
    "fields": {
      "employee": 180,
      "job": 18,
      "begin_date": "2022-03-14",
      "end_date": "9999-12-31"
    }
  },
  {
    "model": "hr.assignment",
    "pk": 181,
    "fields": {
      "employee": 181,
      "job": 9,
      "begin_date": "2020-06-03",
      "end_date": "9999-12-31"
    }
  },
  {
    "model": "hr.assignment",
    "pk": 182,
    "fields": {
      "employee": 182,
      "job": 20,
      "begin_date": "2020-06-13",
      "end_date": "9999-12-31"
    }
  },
  {
    "model": "hr.assignment",
    "pk": 183,
    "fields": {
      "employee": 183,
      "job": 10,
      "begin_date": "2020-04-22",
      "end_date": "9999-12-31"
    }
  },
  {
    "model": "hr.assignment",
    "pk": 184,
    "fields": {
      "employee": 184,
      "job": 6,
      "begin_date": "2020-01-20",
      "end_date": "9999-12-31"
    }
  },
  {
    "model": "hr.assignment",
    "pk": 185,
    "fields": {
      "employee": 185,
      "job": 24,
      "begin_date": "2021-10-16",
      "end_date": "9999-12-31"
    }
  },
  {
    "model": "hr.assignment",
    "pk": 186,
    "fields": {
      "employee": 186,
      "job": 10,
      "begin_date": "2020-02-07",
      "end_date": "9999-12-31"
    }
  },
  {
    "model": "hr.assignment",
    "pk": 187,
    "fields": {
      "employee": 187,
      "job": 17,
      "begin_date": "2022-11-10",
      "end_date": "9999-12-31"
    }
  },
  {
    "model": "hr.assignment",
    "pk": 188,
    "fields": {
      "employee": 188,
      "job": 6,
      "begin_date": "2021-02-18",
      "end_date": "9999-12-31"
    }
  },
  {
    "model": "hr.assignment",
    "pk": 189,
    "fields": {
      "employee": 189,
      "job": 7,
      "begin_date": "2022-05-24",
      "end_date": "9999-12-31"
    }
  },
  {
    "model": "hr.assignment",
    "pk": 190,
    "fields": {
      "employee": 190,
      "job": 14,
      "begin_date": "2020-01-10",
      "end_date": "9999-12-31"
    }
  },
  {
    "model": "hr.assignment",
    "pk": 191,
    "fields": {
      "employee": 191,
      "job": 12,
      "begin_date": "2020-05-14",
      "end_date": "9999-12-31"
    }
  },
  {
    "model": "hr.assignment",
    "pk": 192,
    "fields": {
      "employee": 192,
      "job": 21,
      "begin_date": "2020-07-01",
      "end_date": "9999-12-31"
    }
  },
  {
    "model": "hr.assignment",
    "pk": 193,
    "fields": {
      "employee": 193,
      "job": 13,
      "begin_date": "2022-11-21",
      "end_date": "9999-12-31"
    }
  },
  {
    "model": "hr.assignment",
    "pk": 194,
    "fields": {
      "employee": 194,
      "job": 10,
      "begin_date": "2022-08-18",
      "end_date": "9999-12-31"
    }
  },
  {
    "model": "hr.assignment",
    "pk": 195,
    "fields": {
      "employee": 195,
      "job": 4,
      "begin_date": "2021-03-09",
      "end_date": "9999-12-31"
    }
  },
  {
    "model": "hr.assignment",
    "pk": 196,
    "fields": {
      "employee": 196,
      "job": 20,
      "begin_date": "2021-12-12",
      "end_date": "9999-12-31"
    }
  },
  {
    "model": "hr.assignment",
    "pk": 197,
    "fields": {
      "employee": 197,
      "job": 8,
      "begin_date": "2020-08-25",
      "end_date": "9999-12-31"
    }
  },
  {
    "model": "hr.assignment",
    "pk": 198,
    "fields": {
      "employee": 198,
      "job": 18,
      "begin_date": "2022-11-07",
      "end_date": "9999-12-31"
    }
  },
  {
    "model": "hr.assignment",
    "pk": 199,
    "fields": {
      "employee": 199,
      "job": 20,
      "begin_date": "2021-10-07",
      "end_date": "9999-12-31"
    }
  },
  {
    "model": "hr.assignment",
    "pk": 200,
    "fields": {
      "employee": 200,
      "job": 7,
      "begin_date": "2021-03-05",
      "end_date": "9999-12-31"
    }
  },
  {
    "model": "hr.assignment",
    "pk": 201,
    "fields": {
      "employee": 201,
      "job": 21,
      "begin_date": "2021-12-26",
      "end_date": "9999-12-31"
    }
  },
  {
    "model": "hr.assignment",
    "pk": 202,
    "fields": {
      "employee": 202,
      "job": 12,
      "begin_date": "2021-11-25",
      "end_date": "9999-12-31"
    }
  },
  {
    "model": "hr.assignment",
    "pk": 203,
    "fields": {
      "employee": 203,
      "job": 11,
      "begin_date": "2022-04-13",
      "end_date": "9999-12-31"
    }
  },
  {
    "model": "hr.assignment",
    "pk": 204,
    "fields": {
      "employee": 204,
      "job": 8,
      "begin_date": "2021-05-22",
      "end_date": "9999-12-31"
    }
  },
  {
    "model": "hr.assignment",
    "pk": 205,
    "fields": {
      "employee": 205,
      "job": 11,
      "begin_date": "2021-06-11",
      "end_date": "9999-12-31"
    }
  },
  {
    "model": "hr.assignment",
    "pk": 206,
    "fields": {
      "employee": 206,
      "job": 21,
      "begin_date": "2020-08-19",
      "end_date": "9999-12-31"
    }
  },
  {
    "model": "hr.assignment",
    "pk": 207,
    "fields": {
      "employee": 207,
      "job": 19,
      "begin_date": "2020-05-27",
      "end_date": "9999-12-31"
    }
  },
  {
    "model": "hr.assignment",
    "pk": 208,
    "fields": {
      "employee": 208,
      "job": 10,
      "begin_date": "2022-09-18",
      "end_date": "9999-12-31"
    }
  },
  {
    "model": "hr.assignment",
    "pk": 209,
    "fields": {
      "employee": 209,
      "job": 6,
      "begin_date": "2021-09-27",
      "end_date": "9999-12-31"
    }
  },
  {
    "model": "hr.assignment",
    "pk": 210,
    "fields": {
      "employee": 210,
      "job": 6,
      "begin_date": "2020-07-15",
      "end_date": "9999-12-31"
    }
  },
  {
    "model": "hr.assignment",
    "pk": 211,
    "fields": {
      "employee": 211,
      "job": 21,
      "begin_date": "2020-05-09",
      "end_date": "9999-12-31"
    }
  },
  {
    "model": "hr.assignment",
    "pk": 212,
    "fields": {
      "employee": 212,
      "job": 21,
      "begin_date": "2021-07-23",
      "end_date": "9999-12-31"
    }
  },
  {
    "model": "hr.assignment",
    "pk": 213,
    "fields": {
      "employee": 213,
      "job": 15,
      "begin_date": "2020-10-23",
      "end_date": "9999-12-31"
    }
  },
  {
    "model": "hr.assignment",
    "pk": 214,
    "fields": {
      "employee": 214,
      "job": 15,
      "begin_date": "2022-08-20",
      "end_date": "9999-12-31"
    }
  },
  {
    "model": "hr.assignment",
    "pk": 215,
    "fields": {
      "employee": 215,
      "job": 18,
      "begin_date": "2022-01-02",
      "end_date": "9999-12-31"
    }
  },
  {
    "model": "hr.assignment",
    "pk": 216,
    "fields": {
      "employee": 216,
      "job": 16,
      "begin_date": "2020-12-28",
      "end_date": "9999-12-31"
    }
  },
  {
    "model": "hr.assignment",
    "pk": 217,
    "fields": {
      "employee": 217,
      "job": 14,
      "begin_date": "2020-12-25",
      "end_date": "9999-12-31"
    }
  },
  {
    "model": "hr.assignment",
    "pk": 218,
    "fields": {
      "employee": 218,
      "job": 5,
      "begin_date": "2022-04-07",
      "end_date": "9999-12-31"
    }
  },
  {
    "model": "hr.assignment",
    "pk": 219,
    "fields": {
      "employee": 219,
      "job": 14,
      "begin_date": "2021-04-20",
      "end_date": "9999-12-31"
    }
  },
  {
    "model": "hr.assignment",
    "pk": 220,
    "fields": {
      "employee": 220,
      "job": 24,
      "begin_date": "2021-09-10",
      "end_date": "9999-12-31"
    }
  }
]
